Job Title,Salary Estimate,Rating,Company Name,Location,Size,Type of ownership,Industry,Revenue
Sr Data Scientist,$137K-$171K,3.1,Healthfirst,"New York, NY",1001 - 5000 ,Nonprofit Organization,Insurance Carriers,Unknown 
Data Scientist,$137K-$171K,4.2,ManTech,"Chantilly, VA",5001 - 10000 ,Company - Public,Research & Development,$1 to $2 billion 
Data Scientist,$137K-$171K,3.8,Analysis Group,"Boston, MA",1001 - 5000 ,Private Practice / Firm,Consulting,$100 to $500 million 
Data Scientist,$137K-$171K,3.5,INFICON,"Newton, MA",501 - 1000 ,Company - Public,Electrical & Electronic Manufacturing,$100 to $500 million 
Data Scientist,$137K-$171K,2.9,Affinity Solutions,"New York, NY",51 - 200 ,Company - Private,Advertising & Marketing,Unknown 
Data Scientist,$137K-$171K,4.2,HG Insights,"Santa Barbara, CA",51 - 200 ,Company - Private,Computer Hardware & Software,Unknown 
Data Scientist / Machine Learning Expert,$137K-$171K,3.9,Novartis,"Cambridge, MA",10000+ ,Company - Public,Biotech & Pharmaceuticals,$10+ billion 
Data Scientist,$137K-$171K,3.5,iRobot,"Bedford, MA",1001 - 5000 ,Company - Public,Consumer Electronics & Appliances Stores,$1 to $2 billion 
Staff Data Scientist - Analytics,$137K-$171K,4.4,Intuit - Data,"San Diego, CA",5001 - 10000 ,Company - Public,Computer Hardware & Software,$2 to $5 billion 
Data Scientist,$137K-$171K,3.6,XSELL Technologies,"Chicago, IL",51 - 200 ,Company - Private,Enterprise Software & Network Solutions,Unknown 
Data Scientist,$137K-$171K,4.5,Novetta,"Herndon, VA",501 - 1000 ,Company - Private,Enterprise Software & Network Solutions,$100 to $500 million 
Data Scientist,$137K-$171K,4.7,1904labs,"Saint Louis, MO",51 - 200 ,Company - Private,IT Services,Unknown 
"Data Scientist - Statistics, Early Career",$137K-$171K,3.7,PNNL,"Richland, WA",1001 - 5000 ,Government,Energy,$500 million to $1 billion 
Data Modeler,$137K-$171K,3.1,Old World Industries,"Northbrook, IL",201 - 500 ,Company - Private,Chemical Manufacturing,$1 to $2 billion 
Data Scientist,$137K-$171K,3.4,Mathematica Policy Research,"Washington, DC",1001 - 5000 ,Company - Private,Consulting,$100 to $500 million 
Experienced Data Scientist,$137K-$171K,4.4,Guzman ,"Washington, DC",1 - 50 ,Company - Private,Federal Agencies,Unknown 
Data Scientist - Contract,$137K-$171K,4.1,Upside Business Travel,Remote,51 - 200 ,Company - Private,Internet,Unknown 
Data Scientist,$137K-$171K,3.5,Buckman,"Memphis, TN",1001 - 5000 ,Company - Private,Chemical Manufacturing,$500 million to $1 billion 
Data Analyst II,$137K-$171K,4.2,Insight Enterprises,"Plano, TX",5001 - 10000 ,Company - Public,Enterprise Software & Network Solutions,$5 to $10 billion 
Medical Lab Scientist,$137K-$171K,3.5,Tower Health,"West Grove, PA",5001 - 10000 ,Nonprofit Organization,Health Care Services & Hospitals,Unknown 
Data Scientist,$137K-$171K,3.2,Triplebyte,"New York, NY",51 - 200 ,Company - Private,Computer Hardware & Software,Unknown 
Data Scientist/Machine Learning,$137K-$171K,4.3,PulsePoint,"New York, NY",51 - 200 ,Company - Private,Internet,$100 to $500 million 
Human Factors Scientist,$137K-$171K,3.5,Exponent,"Phoenix, AZ",1001 - 5000 ,Company - Public,Consulting,$100 to $500 million 
Business Intelligence Analyst I- Data Insights,$137K-$171K,3.5,Guardian Life,"Appleton, WI",5001 - 10000 ,Company - Private,Insurance Carriers,$5 to $10 billion 
Data Scientist,$137K-$171K,3.4,Spectrum Communications and Consulting,"Chicago, IL",51 - 200 ,Company - Private,Advertising & Marketing,$10 to $25 million 
Data Scientist,$137K-$171K,4.7,Oversight Systems,"Atlanta, GA",51 - 200 ,Company - Private,Computer Hardware & Software,$25 to $50 million 
Data Scientist - Risk,$137K-$171K,4.2,LSQ,"Orlando, FL",51 - 200 ,Company - Private,Investment Banking & Asset Management,$100 to $500 million 
Data Scientist-Human Resources,$137K-$171K,3.8,MIT Lincoln Laboratory,"Lexington, MA",1001 - 5000 ,Nonprofit Organization,Aerospace & Defense,Unknown 
Data Scientist,$137K-$171K,4.5,Kingfisher Systems,"McLean, VA",51 - 200 ,Company - Private,Federal Agencies,$25 to $50 million 
Data Scientist,$137K-$171K,2.8,Formation,"San Francisco, CA",51 - 200 ,Company - Private,Enterprise Software & Network Solutions,Unknown 
Data Scientist,$75K-$131K,3.8,Analysis Group,"Boston, MA",1001 - 5000 ,Private Practice / Firm,Consulting,$100 to $500 million 
Data Scientist / Machine Learning Expert,$75K-$131K,3.9,Novartis,"Cambridge, MA",10000+ ,Company - Public,Biotech & Pharmaceuticals,$10+ billion 
Data Scientist,$75K-$131K,5.0,Cohere Health,"Boston, MA",1 - 50 ,Company - Private,IT Services,Unknown 
Senior Research Statistician- Data Scientist,$75K-$131K,4.8,Acuity Insurance,"Sheboygan, WI",1001 - 5000 ,Company - Private,Insurance Carriers,$1 to $2 billion 
Data Engineer,$75K-$131K,3.6,Chef,United States,201 - 500 ,Company - Private,Enterprise Software & Network Solutions,$50 to $100 million 
Associate Data Scientist,$75K-$131K,3.3,Puget Sound Energy,"Bothell, WA",1001 - 5000 ,Company - Private,Utilities,$2 to $5 billion 
Business Intelligence Analyst,$75K-$131K,2.7,Sandhills Global,"Lincoln, NE",1001 - 5000 ,Company - Private,Enterprise Software & Network Solutions,$50 to $100 million 
Data Scientist,$75K-$131K,2.7,A Place for Mom,"Overland Park, KS",501 - 1000 ,Company - Private,Health Care Services & Hospitals,Unknown 
Data Scientist,$75K-$131K,2.2,Great-Circle Technologies,"Chantilly, VA",1 - 50 ,Company - Private,Enterprise Software & Network Solutions,$1 to $5 million 
Senior Analyst/Data Scientist,$75K-$131K,3.4,Edmunds.com,"Santa Monica, CA",501 - 1000 ,Company - Private,Internet,$100 to $500 million 
Data Analyst,$75K-$131K,3.1,Cambridge Associates,"Boston, MA",501 - 1000 ,Company - Private,Investment Banking & Asset Management,$100 to $500 million 
Machine Learning Engineer,$75K-$131K,3.4,Liberty Mutual Insurance,"Portsmouth, NH",10000+ ,Company - Private,Insurance Carriers,$10+ billion 
Data Analyst I,$75K-$131K,2.6,Cenlar,"Ewing, NJ",1001 - 5000 ,Company - Private,Not Classified,$100 to $500 million 
Scientist - Molecular Biology,$75K-$131K,5.0,Arsenal Biosciences,"South San Francisco, CA",51 - 200 ,Company - Private,Biotech & Pharmaceuticals,Unknown 
Data Scientist,$75K-$131K,4.2,Eversight,"Palo Alto, CA",51 - 200 ,Company - Private,Enterprise Software & Network Solutions,$10 to $25 million 
"Computational Scientist, Machine Learning",$75K-$131K,4.1,Pfizer,"Cambridge, MA",10000+ ,Company - Public,Biotech & Pharmaceuticals,$10+ billion 
Senior Data Scientist,$75K-$131K,4.8,Klaviyo,"Boston, MA",201 - 500 ,Company - Private,Computer Hardware & Software,Unknown 
Data Scientist,$75K-$131K,3.3,Intellectual Ventures,"Bellevue, WA",501 - 1000 ,Company - Private,Investment Banking & Asset Management,Unknown 
Data Scientist,$75K-$131K,3.7,GovTech,"San Francisco, CA",1001 - 5000 ,Government,Federal Agencies,Unknown 
Data Scientist,$75K-$131K,4.3,Quick Base,"Cambridge, MA",201 - 500 ,Company - Private,Enterprise Software & Network Solutions,Unknown 
Data Analyst,$75K-$131K,4.8,Giving Assistant,"San Francisco, CA",1 - 50 ,Company - Private,Advertising & Marketing,$10 to $25 million 
Data Scientist,$75K-$131K,3.7,Takeda,"Cambridge, MA",10000+ ,Company - Public,Biotech & Pharmaceuticals,$10+ billion 
Data Scientist,$75K-$131K,4.0,Netskope,"San Francisco, CA",501 - 1000 ,Company - Private,Enterprise Software & Network Solutions,Unknown 
Jr. Data Engineer,$75K-$131K,4.8,IT Concepts,Remote,51 - 200 ,Company - Private,IT Services,$10 to $25 million 
E-Commerce Data Analyst,$75K-$131K,3.5,iSeatz,"New Orleans, LA",51 - 200 ,Company - Private,Enterprise Software & Network Solutions,Unknown 
Data Analytics Engineer,$75K-$131K,3.7,Summa Health System,"Akron, OH",5001 - 10000 ,Nonprofit Organization,Health Care Services & Hospitals,$100 to $500 million 
Senior Data Scientist,$75K-$131K,3.5,Benson Hill,"Saint Louis, MO",201 - 500 ,Company - Private,Biotech & Pharmaceuticals,$1 to $5 million 
Product Data Scientist - Ads Data Science,$75K-$131K,4.1,Twitter,"San Francisco, CA",1001 - 5000 ,Company - Public,Internet,$2 to $5 billion 
Data Scientist,$75K-$131K,3.2,Postmates - Corporate HQ,"San Francisco, CA",1001 - 5000 ,Company - Private,Express Delivery Services,Unknown 
Data Scientist - Intermediate,$75K-$131K,4.5,Envision LLC,"Saint Louis, MO",201 - 500 ,Company - Private,Staffing & Outsourcing,$25 to $50 million 
Data Analyst,$75K-$131K,3.8,Swiss Re,"Fort Wayne, IN",10000+ ,Company - Public,Insurance Agencies & Brokerages,$10+ billion 
Machine Learning Engineer,$75K-$131K,4.5,Systems ,"Woburn, MA",201 - 500 ,Company - Private,Aerospace & Defense,$100 to $500 million 
Data Scientist,$79K-$131K,3.5,iRobot,"Bedford, MA",1001 - 5000 ,Company - Public,Consumer Electronics & Appliances Stores,$1 to $2 billion 
Data Scientist,$79K-$131K,4.2,HG Insights,"Santa Barbara, CA",51 - 200 ,Company - Private,Computer Hardware & Software,Unknown 
Global Data Analyst,$79K-$131K,3.8,Dermalogica,"Carson, CA",201 - 500 ,Subsidiary or Business Segment,Consumer Products Manufacturing,$100 to $500 million 
Data Engineer,$79K-$131K,3.7,Bayview Asset Management,"Coral Gables, FL",1001 - 5000 ,Company - Private,Investment Banking & Asset Management,$100 to $500 million 
Data Scientist,$79K-$131K,3.7,Via Transportation,"New York, NY",501 - 1000 ,Company - Private,Internet,Unknown 
Data Scientist,$79K-$131K,4.0,Grid Dynamics,"Santa Clara, CA",1001 - 5000 ,Company - Private,Enterprise Software & Network Solutions,$50 to $100 million 
Data & Machine Learning Scientist,$79K-$131K,3.3,Tempus Labs,"Chicago, IL",501 - 1000 ,Company - Private,Biotech & Pharmaceuticals,Unknown 
Data Scientist - Machine Learning,$79K-$131K,2.5,CareDx,"Brisbane, CA",1 - 50 ,Company - Private,Biotech & Pharmaceuticals,Unknown 
Data Engineer (Remote),$79K-$131K,4.2,IZEA,"Winter Park, FL",51 - 200 ,Company - Public,Advertising & Marketing,$25 to $50 million 
"Data Scientist, Applied Machine Learning - Bay Area",$79K-$131K,3.3,Tempus Labs,"Redwood City, CA",501 - 1000 ,Company - Private,Biotech & Pharmaceuticals,Unknown 
Principal Data Scientist,$79K-$131K,4.0,Autodesk,"San Francisco, CA",5001 - 10000 ,Company - Public,Computer Hardware & Software,$2 to $5 billion 
Business Data Analyst,$79K-$131K,3.7,Caterpillar,"Peoria, IL",10000+ ,Company - Public,Industrial Manufacturing,$10+ billion 
Purification Scientist,$79K-$131K,4.9,New England Biolabs,"Ipswich, MA",201 - 500 ,Company - Private,Biotech & Pharmaceuticals,Unknown 
Data Analyst,$79K-$131K,3.4,Allied Solutions,"Carmel, IN",1001 - 5000 ,Subsidiary or Business Segment,Insurance Agencies & Brokerages,$100 to $500 million 
"Data Engineer, Enterprise Analytics",$79K-$131K,3.1,Healthfirst,"New York, NY",1001 - 5000 ,Nonprofit Organization,Insurance Carriers,Unknown 
Data Scientist,$79K-$131K,3.5,The Knot Worldwide,"Washington, DC",1001 - 5000 ,Company - Private,Internet,Unknown 
Data Scientist,$79K-$131K,2.9,IFG Companies,"New York, NY",201 - 500 ,Company - Private,Insurance Carriers,Unknown 
Data Scientist 3 (718),$79K-$131K,3.3,Amyris,"Emeryville, CA",201 - 500 ,Company - Public,Biotech & Pharmaceuticals,$100 to $500 million 
"Real World Science, Data Scientist",$79K-$131K,4.0,AstraZeneca,"Gaithersburg, MD",10000+ ,Company - Public,Biotech & Pharmaceuticals,$10+ billion 
Data Scientist,$79K-$131K,3.6,Powertek,"Washington, DC",51 - 200 ,Company - Private,IT Services,$25 to $50 million 
Data Engineer,$79K-$131K,4.7,Object Partners,"Saint Louis, MO",51 - 200 ,Company - Private,Consulting,$25 to $50 million 
Data Scientist - Image and Video Analytics,$79K-$131K,4.9,The Mom Project,"Longmont, CO",1 - 50 ,Company - Private,Staffing & Outsourcing,Unknown 
Data Scientist,$79K-$131K,4.3,Lightspeed Systems,"Austin, TX",51 - 200 ,Company - Private,Computer Hardware & Software,$25 to $50 million 
"Data Science Manager, Payment Acceptance - USA",$79K-$131K,4.0,Stripe,"San Francisco, CA",1001 - 5000 ,Company - Private,Internet,Unknown 
Data Analyst,$79K-$131K,2.6,Comprehensive Healthcare,"Yakima, WA",501 - 1000 ,Nonprofit Organization,Health Care Services & Hospitals,Unknown 
Data Scientist / Applied Mathematician,$79K-$131K,4.5,Fullpower Technologies,"Santa Cruz, CA",51 - 200 ,Company - Private,Computer Hardware & Software,$10 to $25 million 
Machine Learning Engineer,$79K-$131K,4.8,Klaviyo,"Boston, MA",201 - 500 ,Company - Private,Computer Hardware & Software,Unknown 
Data Scientist,$79K-$131K,3.9,Mars,United States,10000+ ,Company - Private,Food & Beverage Manufacturing,$10+ billion 
Patient Safety- Associate Data Scientist,$79K-$131K,4.0,AstraZeneca,"Gaithersburg, MD",10000+ ,Company - Public,Biotech & Pharmaceuticals,$10+ billion 
Machine Learning Engineer,$79K-$131K,4.4,NuWave Solutions,"Springfield, VA",51 - 200 ,Company - Private,IT Services,$5 to $10 million 
Senior Data Scientist,$79K-$131K,4.2,ManTech,"Alexandria, VA",5001 - 10000 ,Company - Public,Research & Development,$1 to $2 billion 
(Sr.) Data Scientist -,$79K-$131K,3.6,Merrick Bank,Utah,201 - 500 ,Company - Private,Banks & Credit Unions,Unknown 
Data Scientist,$99K-$132K,3.4,Mathematica Policy Research,"Washington, DC",1001 - 5000 ,Company - Private,Consulting,$100 to $500 million 
Staff Data Scientist - Analytics,$99K-$132K,4.4,Intuit - Data,"San Diego, CA",5001 - 10000 ,Company - Public,Computer Hardware & Software,$2 to $5 billion 
Data Analytics Engineer,$99K-$132K,3.5,QOMPLX,"Reston, VA",51 - 200 ,Company - Private,Enterprise Software & Network Solutions,$10 to $25 million 
"Data Scientist, Kinship - NYC/Portland",$99K-$132K,3.9,Mars,"New York, NY",10000+ ,Company - Private,Food & Beverage Manufacturing,$10+ billion 
Senior Data Scientist,$99K-$132K,3.8,GutCheck,"Denver, CO",51 - 200 ,Company - Private,Advertising & Marketing,$10 to $25 million 
Applied Technology Researcher / Data Scientist,$99K-$132K,3.5,Inter-American Development Bank,"Washington, DC",1001 - 5000 ,Other Organization,Banks & Credit Unions,$10+ billion 
Data Scientist,$99K-$132K,4.9,Avlino,New Jersey,1 - 50 ,Company - Private,Enterprise Software & Network Solutions,Less than $1 million 
Machine Learning Engineer,$99K-$132K,4.4,Stratagem Group,"Aurora, CO",1 - 50 ,Company - Private,Aerospace & Defense,Unknown 
Health Data Scientist - Biomedical/Biostats,$99K-$132K,4.1,Evidation,"Santa Barbara, CA",51 - 200 ,Company - Private,Internet,Unknown 
Senior Data Scientist,$99K-$132K,4.0,Autodesk,"San Francisco, CA",5001 - 10000 ,Company - Public,Computer Hardware & Software,$2 to $5 billion 
Staff Data Scientist,$99K-$132K,4.4,Intuit - Data,"San Diego, CA",5001 - 10000 ,Company - Public,Computer Hardware & Software,$2 to $5 billion 
Data Scientist,$99K-$132K,3.8,Tecolote Research,"Hill AFB, UT",501 - 1000 ,Company - Private,Aerospace & Defense,$50 to $100 million 
Sr Data Engineer (Sr BI Developer),$99K-$132K,3.2,Tivity Health,"Chandler, AZ",501 - 1000 ,Company - Public,Health Care Services & Hospitals,Unknown 
Data Engineer,$99K-$132K,2.9,hc1,"Indianapolis, IN",51 - 200 ,Company - Private,Biotech & Pharmaceuticals,$10 to $25 million 
Lead Data Scientist,$99K-$132K,4.1,HP Inc.,"San Diego, CA",10000+ ,Company - Public,Computer Hardware & Software,Unknown 
Data Scientist,$99K-$132K,3.7,SAIC,"Chantilly, VA",10000+ ,Company - Public,Enterprise Software & Network Solutions,$5 to $10 million 
RFP Data Analyst,$99K-$132K,3.2,AllianceBernstein,"Nashville, TN",1001 - 5000 ,Company - Public,Investment Banking & Asset Management,$2 to $5 billion 
Data Analyst,$99K-$132K,4.9,Big Huge Games,"Timonium, MD",51 - 200 ,Subsidiary or Business Segment,Video Games,Unknown 
Data Scientist (TS/SCI),$99K-$132K,3.5,Maxar Technologies,"Herndon, VA",5001 - 10000 ,Company - Public,Aerospace & Defense,$2 to $5 billion 
Data Engineer,$99K-$132K,5.0,Phantom AI,"Burlingame, CA",1 - 50 ,Company - Private,Computer Hardware & Software,Unknown 
Data Scientist,$99K-$132K,4.0,Noblis,"Reston, VA",1001 - 5000 ,Nonprofit Organization,Consulting,$100 to $500 million 
Data Scientist,$99K-$132K,3.6,Spring Health,"New York, NY",1 - 50 ,Company - Private,Health Care Services & Hospitals,Unknown 
Software Engineer - Data Science,$99K-$132K,4.0,ClearEdge,"Annapolis Junction, MD",51 - 200 ,Company - Private,Computer Hardware & Software,$5 to $10 million 
Data Analyst/Engineer,$99K-$132K,3.2,AllianceBernstein,"Nashville, TN",1001 - 5000 ,Company - Public,Investment Banking & Asset Management,$2 to $5 billion 
NGS Scientist,$99K-$132K,5.0,Arsenal Biosciences,"South San Francisco, CA",51 - 200 ,Company - Private,Biotech & Pharmaceuticals,Unknown 
Data Engineer,$99K-$132K,4.8,GetWellNetwork,"Bethesda, MD",201 - 500 ,Company - Private,Health Care Services & Hospitals,$50 to $100 million 
Data Scientist,$99K-$132K,4.5,TACG Solutions,"Dayton, OH",51 - 200 ,Company - Private,Consulting,Unknown 
Senior Data Engineer,$99K-$132K,4.7,Scoop,"San Francisco, CA",51 - 200 ,Company - Private,Internet,Unknown 
Senior Data Scientist,$99K-$132K,4.5,Novetta,"Herndon, VA",501 - 1000 ,Company - Private,Enterprise Software & Network Solutions,$100 to $500 million 
Data Engineer,$99K-$132K,4.2,IZEA,"Winter Park, FL",51 - 200 ,Company - Public,Advertising & Marketing,$25 to $50 million 
Business Intelligence Analyst,$99K-$132K,3.4,Montway Inc,"Schaumburg, IL",51 - 200 ,Company - Private,Shipping,Unknown 
Sr. ML/Data Scientist - AI/NLP/Chatbot,$99K-$132K,3.8,Juniper Networks,"Cupertino, CA",5001 - 10000 ,Company - Public,Telecommunications Services,$2 to $5 billion 
Data Scientist,$90K-$109K,4.7,1904labs,"Saint Louis, MO",51 - 200 ,Company - Private,IT Services,Unknown 
Data Scientist,$90K-$109K,3.6,XSELL Technologies,"Chicago, IL",51 - 200 ,Company - Private,Enterprise Software & Network Solutions,Unknown 
Data Engineer,$90K-$109K,4.2,IZEA,"Winter Park, FL",51 - 200 ,Company - Public,Advertising & Marketing,$25 to $50 million 
Sr. ML/Data Scientist - AI/NLP/Chatbot,$90K-$109K,3.8,Juniper Networks,"Cupertino, CA",5001 - 10000 ,Company - Public,Telecommunications Services,$2 to $5 billion 
Data Scientist,$90K-$109K,5.0,Notion Labs,"San Francisco, CA",1 - 50 ,Company - Private,Enterprise Software & Network Solutions,Unknown 
Senior Data Engineer,$90K-$109K,4.9,Lendio,"Lehi, UT",201 - 500 ,Company - Private,Lending,$50 to $100 million 
Data Engineer,$90K-$109K,4.4,Direct Agents,"Culver City, CA",51 - 200 ,Company - Private,Advertising & Marketing,$25 to $50 million 
Data Scientist,$90K-$109K,3.3,NAVEX Global,"Lake Oswego, OR",1001 - 5000 ,Company - Private,Computer Hardware & Software,$100 to $500 million 
Machine Learning Engineer,$90K-$109K,3.2,Triplebyte,Remote,51 - 200 ,Company - Private,Computer Hardware & Software,Unknown 
Machine Learning Engineer,$90K-$109K,3.2,Triplebyte,Remote,51 - 200 ,Company - Private,Computer Hardware & Software,Unknown 
Senior Data Engineer,$90K-$109K,4.9,Lendio,"Lehi, UT",201 - 500 ,Company - Private,Lending,$50 to $100 million 
Data Scientist,$90K-$109K,4.2,Upstart,"San Mateo, CA",201 - 500 ,Company - Private,Lending,Unknown 
Data Analyst,$90K-$109K,4.5,Envision LLC,"San Francisco, CA",201 - 500 ,Company - Private,Staffing & Outsourcing,$25 to $50 million 
Data Engineer,$90K-$109K,4.8,AppLovin,"Palo Alto, CA",201 - 500 ,Company - Private,Video Games,Unknown 
Data Integration and Modeling Engineer,$90K-$109K,3.8,ISO New England,"Holyoke, MA",501 - 1000 ,Nonprofit Organization,Utilities,Unknown 
Tableau Data Engineer 20-0117,$90K-$109K,3.7,Relativity,"Chicago, IL",1001 - 5000 ,Company - Private,Enterprise Software & Network Solutions,Unknown 
Senior Data Scientist,$90K-$109K,3.3,Tempo Automation,"San Francisco, CA",51 - 200 ,Company - Private,Electrical & Electronic Manufacturing,$5 to $10 million 
AI Data Scientist,$90K-$109K,3.3,MITRE,"McLean, VA",5001 - 10000 ,Nonprofit Organization,Federal Agencies,$1 to $2 billion 
Machine Learning Engineer,$90K-$109K,5.0,Expedition Technology,"Herndon, VA",1 - 50 ,Company - Private,Aerospace & Defense,$10 to $25 million 
Research Scientist Patient Preferences (Remote),$90K-$109K,3.8,Evidera,"Bethesda, MD",501 - 1000 ,Subsidiary or Business Segment,Biotech & Pharmaceuticals,$100 to $500 million 
Data Scientist,$90K-$109K,3.4,Plymouth Rock Assurance,"Woodbridge, NJ",1001 - 5000 ,Company - Private,Insurance Carriers,$10 to $25 million 
Scientist - Biomarker and Flow Cytometry,$90K-$109K,2.4,Crown Bioscience,"San Diego, CA",501 - 1000 ,Company - Private,Biotech & Pharmaceuticals,$50 to $100 million 
Data Scientist,$90K-$109K,2.9,GNS Healthcare,"Cambridge, MA",51 - 200 ,Company - Private,Biotech & Pharmaceuticals,$10 to $25 million 
Analytics Manager,$90K-$109K,4.4,OneMagnify,"Dearborn, MI",201 - 500 ,Company - Private,Advertising & Marketing,Unknown 
Data Scientist,$90K-$109K,2.9,SPECTRUM,"Maryland Heights, MO",10000+ ,Subsidiary or Business Segment,"Cable, Internet & Telephone Providers",$10+ billion 
Staff Scientist- Upstream PD,$90K-$109K,2.7,Advanced BioScience Laboratories,"Rockville, MD",201 - 500 ,Company - Private,Biotech & Pharmaceuticals,$50 to $100 million 
Data Engineer,$90K-$109K,4.2,Procore Technologies,"Carpinteria, CA",1001 - 5000 ,Company - Private,Computer Hardware & Software,Unknown 
Sr Scientist - Extractables & Leachables,$90K-$109K,3.5,Ritedose,"Columbia, SC",201 - 500 ,Company - Private,Biotech & Pharmaceuticals,$100 to $500 million 
ELISA RESEARCH SCIENTIST (CV-15),$90K-$109K,1.0,Covid-19 Search Partners,"Hauppauge, NY",Not Classified,Not Classified,Not Classified,Not Classified
Sr Data Scientist,$90K-$109K,4.2,bioM,"Saint Louis, MO",10000+ ,Company - Private,Biotech & Pharmaceuticals,$2 to $5 billion 
Data Scientist,$101K-$165K,4.5,Novetta,"Herndon, VA",501 - 1000 ,Company - Private,Enterprise Software & Network Solutions,$100 to $500 million 
Experienced Data Scientist,$101K-$165K,4.4,Guzman ,"Washington, DC",1 - 50 ,Company - Private,Federal Agencies,Unknown 
Machine Learning Engineer,$101K-$165K,1.0,Radical Convergence,"Reston, VA",Not Classified,Not Classified,Not Classified,Not Classified
Data Scientist,$101K-$165K,3.5,Leidos,"Fort Meade, MD",10000+ ,Company - Public,Aerospace & Defense,$10+ billion 
Data Scientist,$101K-$165K,4.5,Demandbase,"San Francisco, CA",201 - 500 ,Company - Private,Computer Hardware & Software,$100 to $500 million 
Say Business Data Analyst,$101K-$165K,4.1,Shelter Insurance,"Columbia, MO",1001 - 5000 ,Company - Private,Insurance Carriers,$1 to $2 billion 
Geospatial Data Scientist,$101K-$165K,3.5,Maxar Technologies,"Chantilly, VA",5001 - 10000 ,Company - Public,Aerospace & Defense,$2 to $5 billion 
Data Analyst,$101K-$165K,2.7,USAC,"Washington, DC",501 - 1000 ,Nonprofit Organization,Telecommunications Services,$25 to $50 million 
Computational Scientist,$101K-$165K,3.4,General Dynamics Information Technology,"Vicksburg, MS",10000+ ,Subsidiary or Business Segment,IT Services,$10+ billion 
Data Scientist,$101K-$165K,4.4,Offerpad,"Chandler, AZ",201 - 500 ,Company - Private,Real Estate,Unknown 
Senior Data Analyst,$101K-$165K,4.0,Autodesk,"San Francisco, CA",5001 - 10000 ,Company - Public,Computer Hardware & Software,$2 to $5 billion 
Senior Data Analyst,$101K-$165K,4.2,Autodesk,"San Francisco, CA",5001 - 10000 ,Company - Public,Research & Development,$1 to $2 billion 
Data Engineer,$101K-$165K,3.5,Magna International Inc.,"Birmingham, AL",10000+ ,Company - Public,Not Classified,$10+ billion 
Sr Data Analyst,$101K-$165K,2.3,United BioSource,"Blue Bell, PA",1001 - 5000 ,Other Organization,Biotech & Pharmaceuticals,$100 to $500 million 
Data Scientist,$101K-$165K,3.4,Kelly,"Chicago, IL",5001 - 10000 ,Company - Public,Staffing & Outsourcing,$5 to $10 billion 
"Machine Learning Scientist - Bay Area, CA",$101K-$165K,3.3,Tempus Labs,"Redwood City, CA",501 - 1000 ,Company - Private,Biotech & Pharmaceuticals,Unknown 
Data Scientist,$101K-$165K,4.7,C3.ai,"Redwood City, CA",201 - 500 ,Company - Private,Enterprise Software & Network Solutions,$100 to $500 million 
Senior Data Scientist - Algorithms,$101K-$165K,3.9,Quartet Health,"New York, NY",201 - 500 ,Company - Private,Enterprise Software & Network Solutions,Unknown 
Data Analyst,$101K-$165K,3.3,Midland Credit Management,"San Diego, CA",1001 - 5000 ,Subsidiary or Business Segment,Banks & Credit Unions,$1 to $2 billion 
Senior Data & Machine Learning Scientist,$101K-$165K,3.3,Tempus Labs,"Chicago, IL",501 - 1000 ,Company - Private,Biotech & Pharmaceuticals,Unknown 
Data Engineer,$101K-$165K,4.4,Resurgent Capital Services,"Cincinnati, OH",201 - 500 ,Company - Private,Venture Capital & Private Equity,$50 to $100 million 
"Data Scientist - Statistics, Early Career",$56K-$97K,3.7,PNNL,"Richland, WA",1001 - 5000 ,Government,Energy,$500 million to $1 billion 
Data Scientist,$56K-$97K,3.5,Buckman,"Memphis, TN",1001 - 5000 ,Company - Private,Chemical Manufacturing,$500 million to $1 billion 
Machine Learning Engineer,$56K-$97K,3.6,Buckman,"Memphis, TN",501 - 1000 ,Nonprofit Organization,Federal Agencies,$50 to $100 million 
Research Scientist - Patient-Centered Research (Remote),$56K-$97K,3.8,Evidera,"Bethesda, MD",501 - 1000 ,Subsidiary or Business Segment,Biotech & Pharmaceuticals,$100 to $500 million 
Jr. Business Data Analyst (position added 6/12/2020),$56K-$97K,4.7,webfx.com,"Harrisburg, PA",201 - 500 ,Company - Private,Advertising & Marketing,$25 to $50 million 
Sr. Data Scientist II,$56K-$97K,3.5,Argo Group US,"New York, NY",1001 - 5000 ,Company - Public,Insurance Carriers,$1 to $2 billion 
Data Scientist,$56K-$97K,3.3,BWX Technologies,"Oak Ridge, TN",5001 - 10000 ,Company - Public,Aerospace & Defense,$500 million to $1 billion 
Senior Data Analyst,$56K-$97K,3.9,Life360,"San Francisco, CA",51 - 200 ,Company - Public,Internet,Unknown 
Lead Data Scientist,$56K-$97K,3.7,MassMutual,"Boston, MA",5001 - 10000 ,Company - Private,Insurance Carriers,$10+ billion 
Production Engineer - Statistics/Data Analysis,$56K-$97K,3.9,Natera,"San Carlos, CA",501 - 1000 ,Company - Public,Biotech & Pharmaceuticals,$100 to $500 million 
Statistical Scientist,$56K-$97K,4.0,Genentech,"South San Francisco, CA",10000+ ,Subsidiary or Business Segment,Biotech & Pharmaceuticals,$10+ billion 
Computational Behavioral Scientist,$56K-$97K,4.2,Ntrepid,"Herndon, VA",201 - 500 ,Company - Private,IT Services,$50 to $100 million 
Principal Data Scientist - Machine Learning,$56K-$97K,3.6,Constant Contact,"Waltham, MA",,Subsidiary or Business Segment,Advertising & Marketing,Unknown 
Principal Machine Learning Scientist,$56K-$97K,4.7,Sage Intacct,"San Francisco, CA",501 - 1000 ,Subsidiary or Business Segment,Computer Hardware & Software,Unknown 
Data Engineer,$56K-$97K,4.1,Shape Security,"Santa Clara, CA",51 - 200 ,Company - Private,IT Services,Unknown 
Principal Data Scientist,$56K-$97K,4.0,AstraZeneca,"Gaithersburg, MD",10000+ ,Company - Public,Biotech & Pharmaceuticals,$10+ billion 
Data Scientist,$56K-$97K,5.0,SkillSoniq,"San Francisco, CA",,Company - Public,Not Classified,Unknown 
Senior Data Scientist - R&D Oncology,$56K-$97K,4.0,AstraZeneca,"New York, NY",10000+ ,Company - Public,Biotech & Pharmaceuticals,$10+ billion 
Data Scientist,$56K-$97K,4.3,Joby Aviation,"San Carlos, CA",51 - 200 ,Company - Private,Not Classified,Unknown 
"Health Plan Data Analyst, Sr",$56K-$97K,3.8,Cook Children,"Fort Worth, TX",5001 - 10000 ,Nonprofit Organization,Health Care Services & Hospitals,$100 to $500 million 
"Principal Scientist/Associate Director, Quality Control and Analytical Technologies",$56K-$97K,3.8,Rubius Therapeutics,"Smithfield, RI",201 - 500 ,Company - Public,Biotech & Pharmaceuticals,$100 to $500 million 
Analytics - Business Assurance Data Analyst,$56K-$97K,4.6,GreatAmerica Financial Services,"Cedar Rapids, IA",501 - 1000 ,Company - Private,Lending,$100 to $500 million 
Data Scientist - Contract,$79K-$106K,4.1,Upside Business Travel,Remote,51 - 200 ,Company - Private,Internet,Unknown 
Data Scientist,$79K-$106K,3.4,Spectrum Communications and Consulting,"Chicago, IL",51 - 200 ,Company - Private,Advertising & Marketing,$10 to $25 million 
Data Scientist,$79K-$106K,4.1,Coverent,"McLean, VA",51 - 200 ,Company - Private,Consulting,$10 to $25 million 
Machine Learning Engineer,$79K-$106K,3.7,Mteq,"Fort Belvoir, VA",501 - 1000 ,Company - Public,Aerospace & Defense,$100 to $500 million 
Data Engineer,$79K-$106K,4.4,Rocket Lawyer,"San Francisco, CA",51 - 200 ,Company - Private,Computer Hardware & Software,$50 to $100 million 
"Senior Data Scientist – Image Analytics, Novartis AI Innovation Lab",$79K-$106K,3.9,Novartis,"Cambridge, MA",10000+ ,Company - Public,Biotech & Pharmaceuticals,$10+ billion 
Data Engineer,$79K-$106K,3.6,Alion Science ,"Linthicum Heights, MD",1001 - 5000 ,Company - Private,Research & Development,$1 to $2 billion 
Data Science Instructor,$79K-$106K,4.5,Novetta,"Herndon, VA",501 - 1000 ,Company - Private,Enterprise Software & Network Solutions,$100 to $500 million 
Senior Business Intelligence Analyst,$79K-$106K,3.7,Protolabs,"Maple Plain, MN",1001 - 5000 ,Company - Public,Miscellaneous Manufacturing,$100 to $500 million 
In-Line Inspection Data Analyst,$79K-$106K,2.9,Quest Integrity,"Tulsa, OK",201 - 500 ,Company - Public,Oil & Gas Services,$50 to $100 million 
Data Scientist - TS/SCI FSP or CI Required,$79K-$106K,5.0,Phoenix Operations Group,"Annapolis Junction, MD",1 - 50 ,Company - Private,IT Services,$1 to $5 million 
Data Scientist,$79K-$106K,3.4,Dice.com,"Newton, MA",201 - 500 ,Subsidiary or Business Segment,Staffing & Outsourcing,$100 to $500 million 
Senior Data Scientist,$79K-$106K,3.5,Maxar Technologies,"Herndon, VA",5001 - 10000 ,Company - Public,Aerospace & Defense,$2 to $5 billion 
Data Scientist - TS/SCI Required,$79K-$106K,5.0,Phoenix Operations Group,"Baltimore, MD",1 - 50 ,Company - Private,IT Services,$1 to $5 million 
Data Science Software Engineer,$79K-$106K,4.8,Klaviyo,"Boston, MA",201 - 500 ,Company - Private,Computer Hardware & Software,Unknown 
ENGINEER - COMPUTER SCIENTIST - RESEARCH COMPUTER SCIENTIST - SIGNAL PROCESSING - SAN ANTONIO OR,$79K-$106K,3.9,Southwest Research Institute,"Oklahoma City, OK",1001 - 5000 ,Nonprofit Organization,Research & Development,$500 million to $1 billion 
AI Ops Data Scientist,$79K-$106K,4.0,AstraZeneca,"Gaithersburg, MD",10000+ ,Company - Public,Biotech & Pharmaceuticals,$10+ billion 
"Intelligence Data Analyst, Senior",$79K-$106K,4.3,The Buffalo Group,"Fort Belvoir, VA",501 - 1000 ,Company - Private,IT Services,$100 to $500 million 
Analytics Manager - Data Mart,$79K-$106K,3.5,Central California Alliance for Health,"Scotts Valley, CA",501 - 1000 ,Nonprofit Organization,Health Care Services & Hospitals,$500 million to $1 billion 
Data Modeler (Analytical Systems),$79K-$106K,3.7,MassMutual,"Boston, MA",5001 - 10000 ,Company - Private,Insurance Carriers,$10+ billion 
"Senior Machine Learning Scientist - Bay Area, CA",$79K-$106K,3.3,Tempus Labs,"Redwood City, CA",501 - 1000 ,Company - Private,Biotech & Pharmaceuticals,Unknown 
Report Writer-Data Analyst,$79K-$106K,3.1,Security Finance Corporation of Spartanburg,"Spartanburg, SC",1001 - 5000 ,Company - Private,Lending,Unknown 
Data Scientist/Machine Learning,$71K-$123K,4.3,PulsePoint,"New York, NY",51 - 200 ,Company - Private,Internet,$100 to $500 million 
Data Scientist - Risk,$71K-$123K,4.2,LSQ,"Orlando, FL",51 - 200 ,Company - Private,Investment Banking & Asset Management,$100 to $500 million 
Data Engineer,$71K-$123K,4.4,Resurgent Capital Services,"Cincinnati, OH",201 - 500 ,Company - Private,Venture Capital & Private Equity,$50 to $100 million 
Staff Data Scientist - Pricing,$71K-$123K,3.6,Opendoor,"San Francisco, CA",501 - 1000 ,Company - Private,Real Estate,$2 to $5 billion 
Data Scientist,$71K-$123K,4.5,Global Data Management Inc,"Hartford, CT",51 - 200 ,Company - Private,IT Services,$5 to $10 million 
Data Scientist,$71K-$123K,3.0,Photon Infotech,"Chicago, IL",1001 - 5000 ,Company - Private,IT Services,$100 to $500 million 
Data Scientist,$71K-$123K,5.0,REE,United States,51 - 200 ,Company - Private,Transportation Equipment Manufacturing,Unknown 
Machine Learning Engineer,$71K-$123K,3.6,Riverside Research Institute,"Beavercreek, OH",501 - 1000 ,Nonprofit Organization,Federal Agencies,$50 to $100 million 
Equity Data Insights Analyst - Quantitative Analyst,$71K-$123K,3.6,T. Rowe Price,"Baltimore, MD",5001 - 10000 ,Company - Public,Investment Banking & Asset Management,$2 to $5 billion 
Data Scientist,$71K-$123K,1.0,Encode,"Norfolk, VA",1 - 50 ,Company - Private,IT Services,$5 to $10 million 
Research Scientist - Patient-Centered Research (Remote),$71K-$123K,3.8,Evidera,"Bethesda, MD",501 - 1000 ,Subsidiary or Business Segment,Biotech & Pharmaceuticals,$100 to $500 million 
Data Scientist,$71K-$123K,3.3,BWX Technologies,"Oak Ridge, TN",5001 - 10000 ,Company - Public,Aerospace & Defense,$500 million to $1 billion 
Operations Data Analyst,$71K-$123K,3.8,Brighthouse Financial,"Charlotte, NC",1001 - 5000 ,Company - Public,Insurance Carriers,Unknown 
Sr. Data Scientist II,$71K-$123K,3.5,Argo Group US,"New York, NY",1001 - 5000 ,Company - Public,Insurance Carriers,$1 to $2 billion 
Data Scientist,$71K-$123K,3.3,II-VI Incorporated,"Champaign, IL",10000+ ,Company - Public,Telecommunications Manufacturing,$1 to $2 billion 
Data Scientist,$71K-$123K,4.6,Surya Systems,"San Francisco, CA",1 - 50 ,Company - Private,Computer Hardware & Software,Less than $1 million 
Data Scientist,$71K-$123K,3.8,PayPal,Texas,10000+ ,Company - Public,Internet,$10+ billion 
Senior Data Analyst,$71K-$123K,3.9,Life360,"San Francisco, CA",51 - 200 ,Company - Public,Internet,Unknown 
Data Scientist,$71K-$123K,3.9,Predictive Research Inc,"Plano, TX",1 - 50 ,Company - Private,Consulting,Unknown 
Data Scientist,$90K-$124K,4.7,Oversight Systems,"Atlanta, GA",51 - 200 ,Company - Private,Computer Hardware & Software,$25 to $50 million 
Senior Research Statistician- Data Scientist,$90K-$124K,4.8,Acuity Insurance,"Sheboygan, WI",1001 - 5000 ,Company - Private,Insurance Carriers,$1 to $2 billion 
Software Data Engineer,$90K-$124K,3.1,1010data,"New York, NY",201 - 500 ,Company - Private,Computer Hardware & Software,$50 to $100 million 
Data Scientist,$90K-$124K,3.6,Gigya,"Palo Alto, CA",201 - 500 ,Company - Private,Enterprise Software & Network Solutions,$10 to $25 million 
Real World Evidence (RWE) Scientist,$90K-$124K,5.0,Genesis Research,"Hoboken, NJ",1 - 50 ,Company - Private,Biotech & Pharmaceuticals,Unknown 
Data Scientist,$90K-$124K,3.7,Sanofi,"Cambridge, MA",10000+ ,Company - Public,Biotech & Pharmaceuticals,$10+ billion 
Data Scientist,$90K-$124K,3.7,XPO Logistics,"Lebanon, IN",10000+ ,Company - Public,Transportation Management,$10+ billion 
Data Scientist,$90K-$124K,3.9,Trace Data,"Oakland, CA",51 - 200 ,Company - Private,Insurance Carriers,$10 to $25 million 
Data Scientist,$90K-$124K,4.3,Descript,"San Francisco, CA",1 - 50 ,Company - Private,Not Classified,Less than $1 million 
Computer Scientist 1,$90K-$124K,4.2,Rincon Research Corporation,"Melbourne, FL",201 - 500 ,Company - Private,Aerospace & Defense,$50 to $100 million 
Lead Data Scientist,$90K-$124K,3.7,MassMutual,"Boston, MA",5001 - 10000 ,Company - Private,Insurance Carriers,$10+ billion 
Data Scientist,$90K-$124K,4.0,Better Hire,"Birmingham, AL",1 - 50 ,Company - Private,Not Classified,Unknown 
Data Scientist,$90K-$124K,3.3,Parker Hannifin,"Cleveland, OH",10000+ ,Company - Public,Industrial Manufacturing,$10+ billion 
Data Scientist,$90K-$124K,4.1,Gallup,"New York, NY",1001 - 5000 ,Company - Private,Consulting,Unknown 
Data Scientist,$90K-$124K,3.3,Insider Inc,"New York, NY",201 - 500 ,Company - Private,News Outlet,$50 to $100 million 
Data Scientist,$90K-$124K,3.9,Rapid Value Solutions,"San Francisco, CA",201 - 500 ,Company - Private,IT Services,Unknown 
Environmental Data Science,$90K-$124K,3.1,Battelle,"Norwell, MA",10000+ ,Nonprofit Organization,Research & Development,$5 to $10 billion 
Computational Behavioral Scientist,$90K-$124K,4.2,Ntrepid,"Herndon, VA",201 - 500 ,Company - Private,IT Services,$50 to $100 million 
Data Scientist,$90K-$124K,5.0,The Drive Media,"New York, NY",,Unknown,Not Classified,Unknown 
Staff BI and Data Engineer,$90K-$124K,2.9,Affinity Solutions,"San Jose, CA",51 - 200 ,Company - Private,Advertising & Marketing,Unknown 
Principal Machine Learning Scientist,$90K-$124K,4.7,Sage Intacct,"San Francisco, CA",501 - 1000 ,Subsidiary or Business Segment,Computer Hardware & Software,Unknown 
Principal Data Scientist - Machine Learning,$90K-$124K,3.6,Constant Contact,"Waltham, MA",,Subsidiary or Business Segment,Advertising & Marketing,Unknown 
Data Scientist-Human Resources,$91K-$150K,3.8,MIT Lincoln Laboratory,"Lexington, MA",1001 - 5000 ,Nonprofit Organization,Aerospace & Defense,Unknown 
Associate Data Scientist,$91K-$150K,3.3,Puget Sound Energy,"Bothell, WA",1001 - 5000 ,Company - Private,Utilities,$2 to $5 billion 
"Data Scientist - Statistics, Mid-Career",$91K-$150K,3.7,Pacific Northwest National Laboratory,"Richland, WA",1001 - 5000 ,Government,Energy,$500 million to $1 billion 
Director of Data Science,$91K-$150K,3.8,Analysis Group,"Boston, MA",1001 - 5000 ,Private Practice / Firm,Consulting,$100 to $500 million 
Data Scientist,$91K-$150K,3.2,US Pharmacopeia,"Rockville, MD",1001 - 5000 ,Nonprofit Organization,Biotech & Pharmaceuticals,$100 to $500 million 
Data Scientist,$91K-$150K,4.6,Itlize Global,"Piscataway, NJ",201 - 500 ,Company - Private,IT Services,$10 to $25 million 
Data Scientist,$91K-$150K,3.5,eBay,"San Jose, CA",10000+ ,Company - Public,Internet,$10+ billion 
"Data Engineer, Digital & Comp Pathology",$91K-$150K,5.0,Paige,"New York, NY",1 - 50 ,Company - Private,Enterprise Software & Network Solutions,Unknown 
Data Engineer,$91K-$150K,4.1,Shape Security,"Santa Clara, CA",51 - 200 ,Company - Private,IT Services,Unknown 
"Manager / Lead, Data Science & Analytics",$91K-$150K,4.1,ABIOMED,"Danvers, MA",1001 - 5000 ,Company - Public,Biotech & Pharmaceuticals,$100 to $500 million 
Data Scientist,$91K-$150K,3.5,Comcast,"New York, NY",10000+ ,Company - Public,Not Classified,$10+ billion 
Data Scientist,$91K-$150K,3.2,Metronome,"Vienna, VA",51 - 200 ,Company - Private,IT Services,$10 to $25 million 
Data Scientist,$91K-$150K,5.0,SkillSoniq,"San Francisco, CA",,Company - Public,Not Classified,Unknown 
Data Scientist,$91K-$150K,4.7,Lawrence Livermore National Lab,"Livermore, CA",1001 - 5000 ,Government,Federal Agencies,$1 to $2 billion 
Diversity and Inclusion Data Analyst,$91K-$150K,3.8,FHLBank Pittsburgh,"Pittsburgh, PA",201 - 500 ,Company - Private,Banks & Credit Unions,$1 to $2 billion 
Data Scientist,$91K-$150K,3.6,Jacobs,"Herndon, VA",10000+ ,Company - Public,Architectural & Engineering Services,$10+ billion 
Data Scientist,$91K-$150K,4.8,Klaviyo,"Boston, MA",201 - 500 ,Company - Private,Computer Hardware & Software,Unknown 
Data Scientist,$91K-$150K,3.3,Underwriters Laboratories,"Northbrook, IL",10000+ ,Company - Private,Consulting,$2 to $5 billion 
Data Scientist,$91K-$150K,3.7,Altus Group,"Irvine, CA",1001 - 5000 ,Company - Public,Real Estate,$100 to $500 million 
Data Scientist,$91K-$150K,5.0,Jobot,"Irvine, CA",51 - 200 ,Company - Private,Staffing & Outsourcing,$25 to $50 million 
Data Scientist,$91K-$150K,1.0,Trovetechs Inc,"San Francisco, CA",,Company - Private,Not Classified,Unknown 
Senior Analyst/Data Scientist,$141K-$225K,3.4,Edmunds.com,"Santa Monica, CA",501 - 1000 ,Company - Private,Internet,$100 to $500 million 
Data Scientist,$141K-$225K,5.0,Cohere Health,"Boston, MA",1 - 50 ,Company - Private,IT Services,Unknown 
Data Scientist,$141K-$225K,1.0,Trovetechs Inc,"San Francisco, CA",,Company - Private,Not Classified,Unknown 
Senior Data Scientist - R&D Oncology,$141K-$225K,4.0,AstraZeneca,"New York, NY",10000+ ,Company - Public,Biotech & Pharmaceuticals,$10+ billion 
Data Scientist,$141K-$225K,4.2,Oshkosh Corporation,"Oshkosh, WI",10000+ ,Company - Public,Transportation Equipment Manufacturing,$5 to $10 billion 
Data Scientist,$141K-$225K,4.3,Joby Aviation,"San Carlos, CA",51 - 200 ,Company - Private,Not Classified,Unknown 
Data Scientist,$141K-$225K,3.4,Mackin,"Menlo Park, CA",51 - 200 ,Company - Private,Architectural & Engineering Services,$10 to $25 million 
Data Scientist,$141K-$225K,1.0,PETADATA,"San Francisco, CA",51 - 200 ,Company - Private,Not Classified,Unknown 
Data Scientist,$141K-$225K,4.4,VBeyond Corporation,"Dallas, TX",201 - 500 ,Company - Private,Staffing & Outsourcing,$5 to $10 million 
Data Scientist Machine Learning,$141K-$225K,3.5,Leidos,"Arlington, VA",10000+ ,Company - Public,Aerospace & Defense,$10+ billion 
Data Scientist,$141K-$225K,3.7,Take-Two,"San Francisco, CA",1001 - 5000 ,Company - Public,Video Games,$1 to $2 billion 
Data Scientist,$141K-$225K,3.7,Colony Brands,"Monroe, WI",501 - 1000 ,Company - Private,Food & Beverage Stores,$100 to $500 million 
Data Scientist,$141K-$225K,4.1,Capio Group,"Sacramento, CA",10000+ ,Hospital,Health Care Services & Hospitals,Unknown 
Data Scientist,$141K-$225K,3.4,SleePare,"New York, NY",1 - 50 ,Company - Private,Other Retail Stores,Unknown 
Data Analyst,$141K-$225K,4.5,ShorePoint,"Reston, VA",1 - 50 ,Company - Private,IT Services,Unknown 
Data Scientist,$141K-$225K,3.5,Dolphin,"New York, NY",1001 - 5000 ,Company - Private,"Hotels, Motels, & Resorts",Unknown 
Data Scientist,$141K-$225K,3.6,TE Connectivity,"Hampton, VA",10000+ ,Company - Public,Electrical & Electronic Manufacturing,$10+ billion 
Data Scientist,$141K-$225K,3.2,State of Virginia,"Richmond, VA",10000+ ,Government,State & Regional Agencies,$10+ billion 
Data Scientist,$141K-$225K,3.7,TA Digital,"New York, NY",501 - 1000 ,Company - Private,Computer Hardware & Software,$25 to $50 million 
Data Scientist,$141K-$225K,4.0,Market America Inc,"Monterey, CA",501 - 1000 ,Company - Private,Other Retail Stores,$100 to $500 million 
Data Scientist,$145K-$225K,3.2,Triplebyte,"Chicago, IL",51 - 200 ,Company - Private,Computer Hardware & Software,Unknown 
Data Scientist,$145K-$225K,4.5,Kingfisher Systems,"McLean, VA",51 - 200 ,Company - Private,Federal Agencies,$25 to $50 million 
Chief Scientist,$145K-$225K,3.4,TrueAccord,Remote,51 - 200 ,Company - Private,Enterprise Software & Network Solutions,Unknown 
Data Scientist,$145K-$225K,3.9,ALTA IT Services,"Woodlawn, MD",201 - 500 ,Company - Private,IT Services,$10 to $25 million 
Data Scientist,$145K-$225K,3.2,Kollasoft Inc.,United States,1 - 50 ,Company - Private,IT Services,$1 to $5 million 
Data Scientist,$145K-$225K,5.0,Kollasoft Inc.,"New York, NY",,Company - Public,Not Classified,Unknown 
Data Scientist,$145K-$225K,3.4,ASRC Federal Holding Company,"Reston, VA",5001 - 10000 ,Company - Private,Aerospace & Defense,$500 million to $1 billion 
Data Scientist,$145K-$225K,4.4,Adwait Algorithm,"New York, NY",51 - 200 ,Company - Private,IT Services,Unknown 
"Health Plan Data Analyst, Sr",$145K-$225K,3.8,Cook Children,"Fort Worth, TX",5001 - 10000 ,Nonprofit Organization,Health Care Services & Hospitals,$100 to $500 million 
"Principal Scientist/Associate Director, Quality Control and Analytical Technologies",$145K-$225K,3.8,Rubius Therapeutics,"Smithfield, RI",201 - 500 ,Company - Public,Biotech & Pharmaceuticals,$100 to $500 million 
Data Scientist,$145K-$225K,3.5,Cambridge FX,"Atlanta, GA",201 - 500 ,Company - Public,Financial Transaction Processing,$100 to $500 million 
Senior Data Scientist,$145K-$225K,3.8,Metromile,"San Francisco, CA",201 - 500 ,Company - Private,Insurance Carriers,Unknown 
Data Scientist,$145K-$225K,3.9,Criteo,"Ann Arbor, MI",1001 - 5000 ,Company - Public,Internet,$2 to $5 billion 
Data Scientist,$145K-$225K,3.4,Advance Sourcing Concepts,"Pittsburgh, PA",51 - 200 ,Company - Private,Not Classified,$1 to $5 million 
Data Scientist,$145K-$225K,3.8,Enterprise Solutions Inc,"New York, NY",51 - 200 ,Company - Private,Staffing & Outsourcing,$25 to $50 million 
Analytics - Business Assurance Data Analyst,$145K-$225K,4.6,GreatAmerica Financial Services,"Cedar Rapids, IA",501 - 1000 ,Company - Private,Lending,$100 to $500 million 
Data Scientist,$145K-$225K,1.0,Microagility,"New York, NY",1 - 50 ,Company - Private,Consulting,$1 to $5 million 
Data Scientist,$145K-$225K,4.6,Conch Technologies,"Concord, CA",51 - 200 ,Company - Private,Consulting,$5 to $10 million 
"Development Scientist, Voltaren",$145K-$225K,3.9,GSK,"Richmond, VA",10000+ ,Company - Public,Biotech & Pharmaceuticals,$10+ billion 
Data Scientist,$145K-$225K,1.0,Rainmaker Resources,"Cincinnati, OH",1 - 50 ,Company - Private,Not Classified,Unknown 
Data Scientist,$79K-$147K,3.7,GovTech,"San Francisco, CA",1001 - 5000 ,Government,Federal Agencies,Unknown 
Data Scientist,$79K-$147K,3.3,Intellectual Ventures,"Bellevue, WA",501 - 1000 ,Company - Private,Investment Banking & Asset Management,Unknown 
Data Engineer,$79K-$147K,4.4,Rocket Lawyer,"San Francisco, CA",51 - 200 ,Company - Private,Computer Hardware & Software,$50 to $100 million 
Data Scientist,$79K-$147K,3.7,22nd Century Technologies,"Oakland, CA",1001 - 5000 ,Company - Private,IT Services,$25 to $50 million 
Data Scientist,$79K-$147K,3.3,Huxley,"San Francisco, CA",201 - 500 ,Company - Private,Staffing & Outsourcing,$25 to $50 million 
Data Scientist,$79K-$147K,3.4,FM Systems,"Boston, MA",51 - 200 ,Company - Private,Computer Hardware & Software,$5 to $10 million 
Data Scientist,$79K-$147K,1.0,B4Corp,"Reston, VA",51 - 200 ,Company - Private,IT Services,Unknown 
Machine Learning Engineer,$79K-$147K,3.7,Mteq,"Fort Belvoir, VA",501 - 1000 ,Company - Public,Aerospace & Defense,$100 to $500 million 
Principal Data & Analytics Platform Engineer,$79K-$147K,3.7,Blue Cross and Blue Shield of North Carolina,"Durham, NC",1001 - 5000 ,Company - Private,Insurance Carriers,$5 to $10 billion 
Machine Learning Engineer/Scientist,$79K-$147K,4.8,Jane Street,"New York, NY",501 - 1000 ,Company - Private,Investment Banking & Asset Management,Unknown 
Data Scientist,$79K-$147K,5.0,SSATI,"McLean, VA",1 - 50 ,Company - Private,Computer Hardware & Software,$10 to $25 million 
"Senior Data Scientist – Image Analytics, Novartis AI Innovation Lab",$79K-$147K,3.9,Novartis,"Cambridge, MA",10000+ ,Company - Public,Biotech & Pharmaceuticals,$10+ billion 
Data Scientist,$79K-$147K,3.4,Solving IT International Inc,"Chicago, IL",501 - 1000 ,Company - Private,Not Classified,Unknown 
Data Scientist,$79K-$147K,3.3,The Davey Tree Expert Company,"Kent, OH",10000+ ,Self-employed,Timber Operations,$1 to $2 billion 
Data Scientist,$79K-$147K,4.6,Centauri,"Reston, VA",501 - 1000 ,Company - Private,Aerospace & Defense,$100 to $500 million 
Data Scientist,$79K-$147K,1.0,Stride Search,"San Francisco, CA",1 - 50 ,Company - Private,Not Classified,Less than $1 million 
Machine Learning Engineer,$79K-$147K,2.6,Software Engineering Institute,"Pittsburgh, PA",501 - 1000 ,College / University,Colleges & Universities,Unknown 
Data Analyst - Unilever Prestige,$79K-$147K,3.8,Dermalogica,"Carson, CA",201 - 500 ,Subsidiary or Business Segment,Consumer Products Manufacturing,$100 to $500 million 
Data Scientist,$79K-$147K,4.8,TechProjects,"New York, NY",1 - 50 ,Company - Private,IT Services,Unknown 
"VP, Data Science",$79K-$147K,3.9,7Park Data,"New York, NY",51 - 200 ,Company - Private,Research & Development,Unknown 
Data Scientist,$122K-$146K,4.0,Netskope,"Santa Clara, CA",501 - 1000 ,Company - Private,Enterprise Software & Network Solutions,Unknown 
Data Scientist,$122K-$146K,4.2,Eversight,"Palo Alto, CA",51 - 200 ,Company - Private,Enterprise Software & Network Solutions,$10 to $25 million 
Senior Business Intelligence Analyst,$122K-$146K,3.7,Protolabs,"Maple Plain, MN",1001 - 5000 ,Company - Public,Miscellaneous Manufacturing,$100 to $500 million 
Data Scientist,$122K-$146K,3.0,Ameritas Life Insurance Corp,"Cincinnati, OH",1001 - 5000 ,Company - Private,Insurance Agencies & Brokerages,$2 to $5 billion 
Data Engineer - Kafka,$122K-$146K,3.5,Western Digital,"San Jose, CA",10000+ ,Company - Public,Computer Hardware & Software,$10+ billion 
Data Scientist,$122K-$146K,2.9,Shimento,"Santa Clara, CA",1 - 50 ,Company - Private,Not Classified,$1 to $5 million 
Data Scientist,$122K-$146K,5.0,Averity,"New York, NY",1 - 50 ,Company - Private,Staffing & Outsourcing,Unknown 
Data Scientist,$122K-$146K,4.7,Praxis Engineering,"Chantilly, VA",201 - 500 ,Subsidiary or Business Segment,Computer Hardware & Software,$100 to $500 million 
Data Scientist,$122K-$146K,1.0,Point72 Ventures,"Palo Alto, CA",Not Classified,Not Classified,Not Classified,Not Classified
Decision Scientist,$122K-$146K,4.5,Johns Hopkins University Applied Physics Laboratory,"Laurel, MD",5001 - 10000 ,Nonprofit Organization,Aerospace & Defense,$1 to $2 billion 
Data Scientist,$122K-$146K,4.9,Cambridge Mobile Telematics,"Cambridge, MA",1 - 50 ,Company - Private,Enterprise Software & Network Solutions,Unknown 
Data Science All Star Program - Data Engineer Track,$122K-$146K,4.6,Blend360,"Columbia, MD",51 - 200 ,Company - Private,Consulting,Unknown 
Data Scientist - TS/SCI FSP or CI Required,$122K-$146K,5.0,Phoenix Operations Group,"Annapolis Junction, MD",1 - 50 ,Company - Private,IT Services,$1 to $5 million 
Data Analyst,$122K-$146K,3.9,Nolij Consulting,"Falls Church, VA",51 - 200 ,Company - Public,Consulting,$1 to $5 million 
Data Scientist,$122K-$146K,1.0,Hatch Data Inc,"San Francisco, CA",Not Classified,Not Classified,Not Classified,Not Classified
Data Scientist,$122K-$146K,1.0,Hatch Data Inc,"San Francisco, CA",Not Classified,Not Classified,Not Classified,Not Classified
Data Scientist,$122K-$146K,1.0,Hatch Data Inc,"San Francisco, CA",Not Classified,Not Classified,Not Classified,Not Classified
Data Scientist,$122K-$146K,1.0,Hatch Data Inc,"San Francisco, CA",Not Classified,Not Classified,Not Classified,Not Classified
Data Scientist,$122K-$146K,1.0,Hatch Data Inc,"San Francisco, CA",Not Classified,Not Classified,Not Classified,Not Classified
Data Scientist,$122K-$146K,1.0,Hatch Data Inc,"San Francisco, CA",Not Classified,Not Classified,Not Classified,Not Classified
Senior Data Scientist,$122K-$146K,3.5,Maxar Technologies,"Herndon, VA",5001 - 10000 ,Company - Public,Aerospace & Defense,$2 to $5 billion 
Data Scientist,$112K-$116K,4.3,Quick Base,"Cambridge, MA",201 - 500 ,Company - Private,Enterprise Software & Network Solutions,Unknown 
Data Scientist,$112K-$116K,3.7,Takeda,"Cambridge, MA",10000+ ,Company - Public,Biotech & Pharmaceuticals,$10+ billion 
Data Scientist,$112K-$116K,3.5,Maxar Technologies,"Herndon, VA",5001 - 10000 ,Company - Public,Aerospace & Defense,$2 to $5 billion 
ENGINEER - COMPUTER SCIENTIST - RESEARCH COMPUTER SCIENTIST - SIGNAL PROCESSING - SAN ANTONIO OR,$112K-$116K,3.9,Southwest Research Institute,"Oklahoma City, OK",1001 - 5000 ,Nonprofit Organization,Research & Development,$500 million to $1 billion 
Data Scientist,$112K-$116K,4.7,Compass Consulting Group,"Thousand Oaks, CA",51 - 200 ,Company - Private,Consulting,Unknown 
Data Science Software Engineer,$112K-$116K,4.8,Klaviyo,"Boston, MA",201 - 500 ,Company - Private,Computer Hardware & Software,Unknown 
AI Ops Data Scientist,$112K-$116K,4.0,AstraZeneca,"Gaithersburg, MD",10000+ ,Company - Public,Biotech & Pharmaceuticals,$10+ billion 
Data Scientist,$112K-$116K,4.4,SolutionIT,"Edison, NJ",51 - 200 ,Company - Private,Not Classified,Unknown 
Data Scientist,$112K-$116K,3.2,Perspecta,"Adelphi, MD",10000+ ,Company - Public,Aerospace & Defense,Unknown 
Data Scientist,$112K-$116K,4.5,Smith Hanley Associates,"Washington, DC",1 - 50 ,Company - Private,Staffing & Outsourcing,Unknown 
Scientist - Machine Learning,$112K-$116K,3.5,Allen Institute,"Seattle, WA",201 - 500 ,Nonprofit Organization,Research & Development,$100 to $500 million 
Data Scientist,$112K-$116K,4.4,Eliassen Group,"Plano, TX",1001 - 5000 ,Company - Private,Staffing & Outsourcing,$100 to $500 million 
Data Scientist,$112K-$116K,3.1,Bayside Solutions,"Sunnyvale, CA",1 - 50 ,Company - Private,Staffing & Outsourcing,$1 to $5 million 
Sr. Data Scientist,$112K-$116K,3.5,Evolve Vacation Rental,"Denver, CO",201 - 500 ,Company - Private,Travel Agencies,Unknown 
Data Scientist,$112K-$116K,3.8,AgreeYa Solutions,"Thousand Oaks, CA",1001 - 5000 ,Company - Private,IT Services,$50 to $100 million 
Data Scientist,$112K-$116K,3.7,Carolina Power ,"McLean, VA",5001 - 10000 ,Subsidiary or Business Segment,Energy,Unknown 
Analytics Manager - Data Mart,$112K-$116K,3.5,Central California Alliance for Health,"Scotts Valley, CA",501 - 1000 ,Nonprofit Organization,Health Care Services & Hospitals,$500 million to $1 billion 
Data Modeler (Analytical Systems),$112K-$116K,3.7,MassMutual,"Boston, MA",5001 - 10000 ,Company - Private,Insurance Carriers,$10+ billion 
Applied AI Scientist / Engineer,$112K-$116K,5.0,New Iron Group,"Boston, MA",1 - 50 ,Contract,Computer Hardware & Software,Unknown 
"Data Engineer (Analytics, SQL, Python, AWS)",$112K-$116K,4.0,Travelers,"Hartford, CT",10000+ ,Company - Public,Insurance Carriers,$10+ billion 
Senior Data Analyst - Finance & Platform Analytics,$112K-$116K,3.6,Twitch,"San Francisco, CA",1001 - 5000 ,Subsidiary or Business Segment,Internet,Unknown 
Senior Data Scientist,$110K-$163K,4.8,Klaviyo,"Boston, MA",201 - 500 ,Company - Private,Computer Hardware & Software,Unknown 
Market Research Data Scientist,$110K-$163K,3.8,GutCheck,"Denver, CO",51 - 200 ,Company - Private,Advertising & Marketing,$10 to $25 million 
IT Partner Digital Health Technology and Data Science,$110K-$163K,3.6,Biogen,"Cambridge, MA",5001 - 10000 ,Company - Public,Biotech & Pharmaceuticals,$10+ billion 
Data Scientist,$110K-$163K,1.0,HireAi,"San Francisco, CA",Not Classified,Not Classified,Not Classified,Not Classified
Data Scientist,$110K-$163K,1.0,HireAi,"San Francisco, CA",Not Classified,Not Classified,Not Classified,Not Classified
"Senior Machine Learning Scientist - Bay Area, CA",$110K-$163K,3.3,Tempus Labs,"Redwood City, CA",501 - 1000 ,Company - Private,Biotech & Pharmaceuticals,Unknown 
"Software Engineer (Data Scientist, C,C++,Linux,Unix) - SISW - MG",$110K-$163K,4.1,Mentor Graphics,"Fremont, CA",5001 - 10000 ,Company - Public,Computer Hardware & Software,$1 to $2 billion 
Senior Clinical Data Scientist Programmer,$110K-$163K,3.6,WCG ,"Hamilton, NJ",1001 - 5000 ,Company - Private,Biotech & Pharmaceuticals,$100 to $500 million 
Data Engineer,$110K-$163K,4.5,Kingfisher Systems,"Falls Church, VA",51 - 200 ,Company - Private,Federal Agencies,$25 to $50 million 
Computer Vision / Deep Learning Scientist,$110K-$163K,3.3,Tempus Labs,"Chicago, IL",501 - 1000 ,Company - Private,Biotech & Pharmaceuticals,Unknown 
Data Solutions Engineer - Data Modeler,$110K-$163K,3.4,Liberty Mutual Insurance,"Indianapolis, IN",10000+ ,Company - Private,Insurance Carriers,$10+ billion 
Data Scientist,$110K-$163K,4.3,Visionary Integration Professionals,"Washington, DC",501 - 1000 ,Company - Private,IT Services,$100 to $500 million 
Data Scientist (TS/SCI w/ Poly),$110K-$163K,3.5,Maxar Technologies,"Herndon, VA",5001 - 10000 ,Company - Public,Aerospace & Defense,$2 to $5 billion 
Weapons and Sensors Engineer/Scientist,$110K-$163K,4.0,Dynetics,"Huntsville, AL",1001 - 5000 ,Company - Private,Aerospace & Defense,$100 to $500 million 
Applied Computer Scientist,$110K-$163K,4.5,Systems ,"Woburn, MA",201 - 500 ,Company - Private,Aerospace & Defense,$100 to $500 million 
Senior Data Analyst,$110K-$163K,4.5,Novetta,"Herndon, VA",501 - 1000 ,Company - Private,Enterprise Software & Network Solutions,$100 to $500 million 
Cloud Data Engineer (Azure),$110K-$163K,3.9,Navy Federal Credit Union,"Merrifield, VA",10000+ ,Other Organization,Banks & Credit Unions,Unknown 
"Lead Certified Clinical Laboratory Scientist - Saturday - Tuesday, 8:00pm - 6:30am shift",$110K-$163K,4.0,Exact Sciences Corporation,"Madison, WI",1001 - 5000 ,Company - Public,Health Care Services & Hospitals,$100 to $500 million 
Sr. Data Analyst,$110K-$163K,3.6,Community Behavioral Health,"Philadelphia, PA",201 - 500 ,Company - Private,Health Care Services & Hospitals,$500 million to $1 billion 
Senior Scientist - Toxicologist - Product Integrity (Stewardship),$110K-$163K,3.3,Reynolds American,"Winston-Salem, NC",5001 - 10000 ,Company - Private,Consumer Products Manufacturing,$10+ billion 
Senior Machine Learning Engineer,$110K-$163K,5.0,LifeOmic,"Raleigh, NC",51 - 200 ,Company - Private,Enterprise Software & Network Solutions,Unknown 
Product Data Scientist - Ads Data Science,$124K-$198K,4.1,Twitter,"San Francisco, CA",1001 - 5000 ,Company - Public,Internet,$2 to $5 billion 
Data Scientist,$124K-$198K,3.2,Postmates - Corporate HQ,"San Francisco, CA",1001 - 5000 ,Company - Private,Express Delivery Services,Unknown 
Data Scientist,$124K-$198K,4.9,Visionist,"Columbia, MD",51 - 200 ,Company - Private,Enterprise Software & Network Solutions,$10 to $25 million 
Data Scientist,$124K-$198K,1.0,Navio,"San Mateo, CA",,Unknown,Not Classified,Unknown 
Data Scientist,$124K-$198K,3.3,Concerto HealthAI,"Boston, MA",201 - 500 ,Company - Private,Biotech & Pharmaceuticals,Unknown 
Data Scientist,$124K-$198K,1.0,Evolvinc,"Burbank, CA",1 - 50 ,Company - Private,IT Services,Unknown 
Data Scientist,$124K-$198K,5.0,PROPRIUS,"Sunnyvale, CA",1 - 50 ,Company - Private,Enterprise Software & Network Solutions,Unknown 
Data Scientist,$124K-$198K,3.4,TECHNOCRAFT Solutions,"San Ramon, CA",1 - 50 ,Company - Private,Advertising & Marketing,$1 to $5 million 
Data Scientist,$124K-$198K,4.1,Latitude,"Washington, DC",1 - 50 ,Company - Private,Consulting,$1 to $5 million 
Data Scientist,$124K-$198K,5.0,Royce Geospatial,"Springfield, VA",51 - 200 ,Company - Private,Aerospace & Defense,$10 to $25 million 
Data Scientist,$124K-$198K,4.2,CyberCoders,"Phoenix, AZ",201 - 500 ,Subsidiary or Business Segment,Staffing & Outsourcing,$100 to $500 million 
Data Scientist,$124K-$198K,3.7,Booz Allen Hamilton Inc.,"Oxnard, CA",10000+ ,Company - Public,Consulting,$5 to $10 billion 
Data Scientist,$124K-$198K,3.8,Burns ,"Kansas City, MO",5001 - 10000 ,Company - Private,Architectural & Engineering Services,$1 to $2 billion 
Data Scientist,$124K-$198K,4.8,InvenTech Info,"Jersey City, NJ",201 - 500 ,Company - Private,IT Services,$1 to $5 million 
Data Scientist,$124K-$198K,3.5,Robert Half,"Manchester, NH",10000+ ,Company - Public,Staffing & Outsourcing,$2 to $5 billion 
Analytics - Business Assurance Data Analyst,$124K-$198K,4.6,GreatAmerica Financial Services,"Cedar Rapids, IA",501 - 1000 ,Company - Private,Lending,$100 to $500 million 
Data Scientist,$124K-$198K,4.5,Conflux Systems Inc.,"Winters, TX",1 - 50 ,Company - Private,Accounting,Less than $1 million 
Data Scientist,$124K-$198K,3.9,Criteo,"Ann Arbor, MI",1001 - 5000 ,Company - Public,Internet,$2 to $5 billion 
Data Scientist,$124K-$198K,3.4,Voice,"Brooklyn, NY",,Company - Private,Not Classified,Unknown 
Data Scientist,$124K-$198K,1.0,Microagility,"New York, NY",1 - 50 ,Company - Private,Consulting,$1 to $5 million 
Data Scientist,$124K-$198K,4.1,Coverent,"McLean, VA",51 - 200 ,Company - Private,Consulting,$10 to $25 million 
Data Scientist,$79K-$133K,3.7,Via Transportation,"New York, NY",501 - 1000 ,Company - Private,Internet,Unknown 
Senior Data Scientist,$79K-$133K,3.5,Benson Hill,"Saint Louis, MO",201 - 500 ,Company - Private,Biotech & Pharmaceuticals,$1 to $5 million 
Data Scientist,$79K-$133K,4.6,Conch Technologies,"Concord, CA",51 - 200 ,Company - Private,Consulting,$5 to $10 million 
Data Scientist,$79K-$133K,1.0,Falcon IT ,"Fort Belvoir, VA",,Company - Public,Not Classified,Unknown 
Data Scientist,$79K-$133K,1.0,Rainmaker Resources,"Cincinnati, OH",1 - 50 ,Company - Private,Not Classified,Unknown 
Data Engineer,$79K-$133K,4.4,Rocket Lawyer,"San Francisco, CA",51 - 200 ,Company - Private,Computer Hardware & Software,$50 to $100 million 
Data Scientist,$79K-$133K,3.6,DataLab USA,"Germantown, MD",51 - 200 ,Company - Private,IT Services,Unknown 
Data Scientist,$79K-$133K,3.1,Werner Enterprises Inc,"Omaha, NE",10000+ ,Company - Public,Logistics & Supply Chain,$2 to $5 billion 
Data Scientist,$79K-$133K,5.0,PeopleCom,"McLean, VA",1 - 50 ,Company - Private,Not Classified,$1 to $5 million 
Data Scientist - Machine Learning,$79K-$133K,5.0,VANTA Partners,"Open Fork, VA",1 - 50 ,Company - Private,Staffing & Outsourcing,Unknown 
Data Scientist,$79K-$133K,1.0,B4Corp,"Reston, VA",51 - 200 ,Company - Private,IT Services,Unknown 
Data Scientist,$79K-$133K,1.0,Blue Icy Water,United States,1 - 50 ,Company - Private,Not Classified,Unknown 
Data Scientist,$79K-$133K,3.5,Farmer,"San Carlos, CA",201 - 500 ,Company - Private,Farm Support Services,Unknown 
Data Scientist,$79K-$133K,1.0,Sonde Health,"Boston, MA",1 - 50 ,Private Practice / Firm,Health Care Services & Hospitals,Less than $1 million 
Data Scientist,$79K-$133K,5.0,Maxiom,"Ashburn, VA",1 - 50 ,Company - Public,Not Classified,Unknown 
Data Scientist,$79K-$133K,2.7,Change Healthcare,"Lombard, IL",10000+ ,Company - Public,IT Services,Unknown 
Data Scientist,$79K-$133K,4.1,DCS Corp,"Hampton, VA",1001 - 5000 ,Company - Private,Research & Development,$100 to $500 million 
Data Scientist,$79K-$133K,2.1,Hive ,"San Francisco, CA",,Company - Private,Telecommunications Services,Unknown 
Machine Learning Engineer/Scientist,$79K-$133K,4.8,Jane Street,"New York, NY",501 - 1000 ,Company - Private,Investment Banking & Asset Management,Unknown 
Data Scientist - Intermediate,$69K-$116K,4.5,Envision LLC,"Saint Louis, MO",201 - 500 ,Company - Private,Staffing & Outsourcing,$25 to $50 million 
Principal Data Scientist,$69K-$116K,4.0,Autodesk,"San Francisco, CA",5001 - 10000 ,Company - Public,Computer Hardware & Software,$2 to $5 billion 
Data Scientist,$69K-$116K,3.3,Hackensack Meridian Health,"Edison, NJ",10000+ ,Nonprofit Organization,Health Care Services & Hospitals,$5 to $10 billion 
"Senior Data Scientist – Image Analytics, Novartis AI Innovation Lab",$69K-$116K,3.9,Novartis,"Cambridge, MA",10000+ ,Company - Public,Biotech & Pharmaceuticals,$10+ billion 
Data Scientist,$69K-$116K,3.2,Net2Source Inc.,"Alpharetta, GA",1001 - 5000 ,Company - Private,Staffing & Outsourcing,$100 to $500 million 
Data Scientist,$69K-$116K,3.2,The Trade Desk,"Boulder, CO",1001 - 5000 ,Company - Public,Internet,Unknown 
Data Scientist- Industrial Discrete Sector Industry,$69K-$116K,3.7,IBM,"Atlanta, GA",10000+ ,Company - Public,IT Services,$10+ billion 
Data Scientist,$69K-$116K,4.4,Knowesis Inc.,"Falls Church, VA",51 - 200 ,Company - Private,Consulting,$25 to $50 million 
Data Scientist,$69K-$116K,3.1,MoTek Technologies,"Mountain View, CA",1 - 50 ,Company - Private,IT Services,$1 to $5 million 
Data Scientist,$69K-$116K,3.3,The Davey Tree Expert Company,"Kent, OH",10000+ ,Self-employed,Timber Operations,$1 to $2 billion 
Data Scientist,$69K-$116K,3.5,HPOne,"Trumbull, CT",501 - 1000 ,Company - Private,Insurance Carriers,$50 to $100 million 
Data Scientist,$69K-$116K,1.0,Stride Search,"San Francisco, CA",1 - 50 ,Company - Private,Not Classified,Less than $1 million 
Machine Learning Engineer,$69K-$116K,2.6,Software Engineering Institute,"Pittsburgh, PA",501 - 1000 ,College / University,Colleges & Universities,Unknown 
Data Scientist,$69K-$116K,1.0,Blue Cloak LLC,"Sterling, VA",Not Classified,Not Classified,Not Classified,Not Classified
Data Scientist,$69K-$116K,2.7,TBWA,"New York, NY",1001 - 5000 ,Company - Public,Advertising & Marketing,$100 to $500 million 
Data Scientist,$69K-$116K,3.5,ThreeBridge Solutions,"Alpharetta, GA",501 - 1000 ,Company - Private,Consulting,Unknown 
Data Scientist,$69K-$116K,3.2,Numeric,"Philadelphia, PA",1 - 50 ,Company - Private,Staffing & Outsourcing,$5 to $10 million 
Data Analyst - Unilever Prestige,$69K-$116K,3.8,Dermalogica,"Carson, CA",201 - 500 ,Subsidiary or Business Segment,Consumer Products Manufacturing,$100 to $500 million 
Data Scientist,$69K-$116K,4.2,Centraprise,"Foster City, CA",51 - 200 ,Company - Private,IT Services,Less than $1 million 
Data Scientist,$69K-$116K,4.8,TechProjects,"New York, NY",1 - 50 ,Company - Private,IT Services,Unknown 
Data Scientist,$69K-$116K,4.2,DW Simpson,"Frederick, MD",51 - 200 ,Company - Private,Staffing & Outsourcing,$10 to $25 million 
Data & Machine Learning Scientist,$31K-$56K,3.3,Tempus Labs,"Chicago, IL",501 - 1000 ,Company - Private,Biotech & Pharmaceuticals,Unknown 
Data Scientist,$31K-$56K,4.0,Grid Dynamics,"Santa Clara, CA",1001 - 5000 ,Company - Private,Enterprise Software & Network Solutions,$50 to $100 million 
"VP, Data Science",$31K-$56K,3.9,7Park Data,"New York, NY",51 - 200 ,Company - Private,Research & Development,Unknown 
Senior Business Intelligence Analyst,$31K-$56K,3.7,Protolabs,"Maple Plain, MN",1001 - 5000 ,Company - Public,Miscellaneous Manufacturing,$100 to $500 million 
Data Scientist,$31K-$56K,3.9,LinQuest,"Colorado Springs, CO",501 - 1000 ,Company - Private,Aerospace & Defense,$50 to $100 million 
Data Engineer - Kafka,$31K-$56K,3.5,Western Digital,"San Jose, CA",10000+ ,Company - Public,Computer Hardware & Software,$10+ billion 
Data Scientist,$31K-$56K,4.0,Trexquant Investment,United States,1 - 50 ,Company - Private,Investment Banking & Asset Management,Unknown 
Data Scientist,$31K-$56K,3.0,Ameritas Life Insurance Corp,"Cincinnati, OH",1001 - 5000 ,Company - Private,Insurance Agencies & Brokerages,$2 to $5 billion 
Data Scientist,$31K-$56K,3.7,Fleetcor,"Atlanta, GA",5001 - 10000 ,Company - Public,Financial Transaction Processing,$2 to $5 billion 
Data Scientist,$31K-$56K,4.5,Radiant Digital,"Washington, DC",1 - 50 ,Company - Private,Not Classified,Less than $1 million 
Data Scientist,$31K-$56K,2.8,Child Care Aware of America,"Arlington, VA",51 - 200 ,Nonprofit Organization,Social Assistance,$25 to $50 million 
Data Scientist,$31K-$56K,4.1,IntelliPro Group Inc.,"Santa Clara, CA",201 - 500 ,Company - Private,Not Classified,$10 to $25 million 
In-Line Inspection Data Analyst,$31K-$56K,2.9,Quest Integrity,"Tulsa, OK",201 - 500 ,Company - Public,Oil & Gas Services,$50 to $100 million 
Data Scientist,$31K-$56K,4.7,Praxis Engineering,"Chantilly, VA",201 - 500 ,Subsidiary or Business Segment,Computer Hardware & Software,$100 to $500 million 
Data Scientist,$31K-$56K,3.4,USI,"Southfield, MI",1001 - 5000 ,Company - Private,Construction,$100 to $500 million 
Data Scientist,$31K-$56K,3.9,Apex Systems,"San Francisco, CA",1001 - 5000 ,Subsidiary or Business Segment,Staffing & Outsourcing,$2 to $5 billion 
Data Scientist,$31K-$56K,2.9,Pragmatics,United States,201 - 500 ,Company - Private,IT Services,$100 to $500 million 
Decision Scientist,$31K-$56K,4.5,Johns Hopkins University Applied Physics Laboratory,"Laurel, MD",5001 - 10000 ,Nonprofit Organization,Aerospace & Defense,$1 to $2 billion 
Data Scientist,$31K-$56K,4.9,Cambridge Mobile Telematics,"Cambridge, MA",1 - 50 ,Company - Private,Enterprise Software & Network Solutions,Unknown 
Data Scientist - TS/SCI FSP or CI Required,$31K-$56K,5.0,Phoenix Operations Group,"Annapolis Junction, MD",1 - 50 ,Company - Private,IT Services,$1 to $5 million 
"Data Scientist, Applied Machine Learning - Bay Area",$95K-$119K,3.3,Tempus Labs,"Redwood City, CA",501 - 1000 ,Company - Private,Biotech & Pharmaceuticals,Unknown 
Data Scientist,$95K-$119K,3.5,The Knot Worldwide,"Washington, DC",1001 - 5000 ,Company - Private,Internet,Unknown 
Data Scientist,$95K-$119K,3.5,Crossover Health,"San Clemente, CA",1 - 50 ,Company - Private,Health Care Services & Hospitals,$1 to $5 million 
Data Scientist,$95K-$119K,4.0,Lorven Technologies Inc,"New York, NY",1 - 50 ,Company - Private,Accounting,Less than $1 million 
Data Analyst,$95K-$119K,3.9,Nolij Consulting,"Falls Church, VA",51 - 200 ,Company - Public,Consulting,$1 to $5 million 
Data Scientist,$95K-$119K,3.4,Dice.com,"Newton, MA",201 - 500 ,Subsidiary or Business Segment,Staffing & Outsourcing,$100 to $500 million 
Data Scientist,$95K-$119K,3.5,Gap Inc.,"San Francisco, CA",10000+ ,Company - Public,"Department, Clothing, & Shoe Stores",$10+ billion 
Data Scientist,$95K-$119K,4.7,Tygart Technology,"Washington, DC",1 - 50 ,Company - Private,Not Classified,$1 to $5 million 
Data Scientist,$95K-$119K,1.0,Hatch Data Inc,"San Francisco, CA",Not Classified,Not Classified,Not Classified,Not Classified
Data Scientist,$95K-$119K,1.0,Hatch Data Inc,"San Francisco, CA",Not Classified,Not Classified,Not Classified,Not Classified
Data Scientist,$95K-$119K,1.0,Hatch Data Inc,"San Francisco, CA",Not Classified,Not Classified,Not Classified,Not Classified
Data Scientist,$95K-$119K,1.0,Hatch Data Inc,"San Francisco, CA",Not Classified,Not Classified,Not Classified,Not Classified
Data Scientist,$95K-$119K,1.0,Hatch Data Inc,"San Francisco, CA",Not Classified,Not Classified,Not Classified,Not Classified
Data Scientist,$95K-$119K,1.0,Hatch Data Inc,"San Francisco, CA",Not Classified,Not Classified,Not Classified,Not Classified
Data Scientist,$95K-$119K,4.6,Murray Resources,"The Woodlands, TX",1 - 50 ,Company - Private,Staffing & Outsourcing,$10 to $25 million 
Data Scientist,$95K-$119K,4.0,New York Technology Partners,"Seattle, WA",51 - 200 ,Company - Private,Computer Hardware & Software,$10 to $25 million 
Data Scientist,$95K-$119K,4.0,Two95 International Inc.,"Chicago, IL",1 - 50 ,Company - Private,Staffing & Outsourcing,$1 to $5 million 
Data Scientist,$95K-$119K,1.0,Sophinea,"Chantilly, VA",1 - 50 ,Unknown,Not Classified,Unknown 
Data Scientist,$95K-$119K,4.7,CRS Group,"Chicago, IL",51 - 200 ,Company - Private,Staffing & Outsourcing,$10 to $25 million 
Data Scientist,$95K-$119K,3.5,Blackstone Talent Group,"San Francisco, CA",51 - 200 ,Company - Private,Consulting,$25 to $50 million 
Data Scientist - TS/SCI Required,$95K-$119K,5.0,Phoenix Operations Group,"Baltimore, MD",1 - 50 ,Company - Private,IT Services,$1 to $5 million 
Senior Principal Data Scientist (Python/R),$212K-$331K,4.1,Roche,"Pleasanton, CA",10000+ ,Company - Public,Biotech & Pharmaceuticals,$10+ billion 
"Real World Science, Data Scientist",$212K-$331K,4.0,AstraZeneca,"Wilmington, DE",10000+ ,Company - Public,Biotech & Pharmaceuticals,$10+ billion 
Data Scientist,$212K-$331K,3.6,Creative Circle,United States,201 - 500 ,Company - Public,Staffing & Outsourcing,Unknown 
Data Scientist(s)/Machine Learning Engineer,$212K-$331K,5.0,Blue Horizon Tek Solutions,"New York, NY",1 - 50 ,Company - Private,Staffing & Outsourcing,Unknown 
Senior Data Scientist,$212K-$331K,3.5,Maxar Technologies,"Herndon, VA",5001 - 10000 ,Company - Public,Aerospace & Defense,$2 to $5 billion 
Data Scientist,$212K-$331K,4.7,Sharpedge Solutions Inc,"Seattle, WA",,Company - Private,Publishing,Less than $1 million 
Data Scientist,$212K-$331K,3.5,Maxar Technologies,"Herndon, VA",5001 - 10000 ,Company - Public,Aerospace & Defense,$2 to $5 billion 
Data Scientist,$212K-$331K,3.6,Alaka,"Fort Sam Houston, TX",501 - 1000 ,Government,Not Classified,Unknown 
ENGINEER - COMPUTER SCIENTIST - RESEARCH COMPUTER SCIENTIST - SIGNAL PROCESSING - SAN ANTONIO OR,$212K-$331K,3.9,Southwest Research Institute,"Oklahoma City, OK",1001 - 5000 ,Nonprofit Organization,Research & Development,$500 million to $1 billion 
Data Scientist,$212K-$331K,2.7,Hexagon US Federal,"Lexington Park, MD",51 - 200 ,Company - Public,Aerospace & Defense,Unknown 
Data Science Software Engineer,$212K-$331K,4.8,Klaviyo,"Boston, MA",201 - 500 ,Company - Private,Computer Hardware & Software,Unknown 
"Scientist / Group Lead, Cancer Biology",$212K-$331K,1.0,Monte Rosa Therapeutics,"Cambridge, MA",Not Classified,Not Classified,Not Classified,Not Classified
Data Scientist,$212K-$331K,4.0,Comtech Global Inc,"Washington, DC",51 - 200 ,Company - Private,"Health, Beauty, & Fitness",$5 to $10 million 
Data Scientist,$212K-$331K,3.8,Aveshka,"Washington, DC",51 - 200 ,Company - Public,IT Services,$10 to $25 million 
"Manager, Field Application Scientist, Southeast",$212K-$331K,4.2,10x Genomics,"Raleigh, NC",501 - 1000 ,Company - Public,Biotech & Pharmaceuticals,Unknown 
COMPUTER SCIENTIST - ENGINEER - RESEARCH COMPUTER SCIENTIST - SIGNAL PROCESSING,$212K-$331K,3.9,Southwest Research Institute,"Dayton, OH",1001 - 5000 ,Nonprofit Organization,Research & Development,$500 million to $1 billion 
Data Scientist,$212K-$331K,1.0,CompuForce,"New York, NY",,Company - Private,Not Classified,Unknown 
Data Scientist,$212K-$331K,4.5,Smith Hanley Associates,"Washington, DC",1 - 50 ,Company - Private,Staffing & Outsourcing,Unknown 
Scientist - Machine Learning,$212K-$331K,3.5,Allen Institute,"Seattle, WA",201 - 500 ,Nonprofit Organization,Research & Development,$100 to $500 million 
Data Scientist,$212K-$331K,2.7,1-800-Flowers,"New York, NY",1001 - 5000 ,Company - Public,Wholesale,$1 to $2 billion 
Data Scientist,$212K-$331K,3.5,Aptive,"Washington, DC",51 - 200 ,Company - Private,Consulting,$25 to $50 million 
Data Scientist - Image and Video Analytics,$66K-$112K,4.9,The Mom Project,"Longmont, CO",1 - 50 ,Company - Private,Staffing & Outsourcing,Unknown 
Data Scientist,$66K-$112K,3.6,Powertek,"Washington, DC",51 - 200 ,Company - Private,IT Services,$25 to $50 million 
Data Scientist,$66K-$112K,5.0,JCD Staffing,"Washington, DC",1 - 50 ,Company - Private,Not Classified,Unknown 
Data Scientist,$66K-$112K,3.1,Bayside Solutions,"Sunnyvale, CA",1 - 50 ,Company - Private,Staffing & Outsourcing,$1 to $5 million 
Senior Data Engineer,$66K-$112K,3.9,Thumbtack,"San Francisco, CA",501 - 1000 ,Company - Private,Internet,Unknown 
Data Scientist,$66K-$112K,3.4,MILVETS Systems Technology,"Patuxent, Anne Arundel, MD",51 - 200 ,Company - Private,IT Services,$25 to $50 million 
Machine Learning Scientist / Engineer,$66K-$112K,4.1,Apple,"Santa Clara, CA",10000+ ,Company - Public,Computer Hardware & Software,$10+ billion 
Data Scientist,$66K-$112K,4.1,Kforce,"Fairfax, VA",10000+ ,Company - Public,Staffing & Outsourcing,$1 to $2 billion 
Sr. Data Scientist,$66K-$112K,3.5,Evolve Vacation Rental,"Denver, CO",201 - 500 ,Company - Private,Travel Agencies,Unknown 
"Intelligence Data Analyst, Senior",$66K-$112K,4.3,The Buffalo Group,"Fort Belvoir, VA",501 - 1000 ,Company - Private,IT Services,$100 to $500 million 
Data Science Analyst,$66K-$112K,4.4,OppLoans,"Chicago, IL",201 - 500 ,Company - Private,Lending,$100 to $500 million 
Data Scientist,$66K-$112K,3.8,AgreeYa Solutions,"Thousand Oaks, CA",1001 - 5000 ,Company - Private,IT Services,$50 to $100 million 
Data Scientist,$66K-$112K,3.7,Carolina Power ,"McLean, VA",5001 - 10000 ,Subsidiary or Business Segment,Energy,Unknown 
COMPUTER SCIENTIST - ENGINEER - RESEARCH COMPUTER SCIENTIST - TRANSPORTATION TECHNOLOGY,$66K-$112K,3.9,Southwest Research Institute,"San Antonio, TX",1001 - 5000 ,Nonprofit Organization,Research & Development,$500 million to $1 billion 
Data Scientist,$66K-$112K,3.9,Brillient,"Silver Spring, MD",501 - 1000 ,Company - Private,IT Services,$25 to $50 million 
Data Modeler (Analytical Systems),$66K-$112K,3.7,MassMutual,"Boston, MA",5001 - 10000 ,Company - Private,Insurance Carriers,$10+ billion 
Data Scientist,$66K-$112K,2.9,Xator Corporation,"Washington, DC",501 - 1000 ,Contract,IT Services,$25 to $50 million 
Data Scientist,$66K-$112K,4.6,HAN IT Staffing Inc.,"New York, NY",51 - 200 ,Company - Private,IT Services,Unknown 
Data Scientist,$66K-$112K,3.4,Infinitive Inc,"McLean, VA",201 - 500 ,Company - Private,Enterprise Software & Network Solutions,$10 to $25 million 
"Data Engineer (Analytics, SQL, Python, AWS)",$66K-$112K,4.0,Travelers,"Hartford, CT",10000+ ,Company - Public,Insurance Carriers,$10+ billion 
Data Scientist 3 (718),$128K-$201K,3.3,Amyris,"Emeryville, CA",201 - 500 ,Company - Public,Biotech & Pharmaceuticals,$100 to $500 million 
Data Scientist,$128K-$201K,4.3,Lightspeed Systems,"Austin, TX",51 - 200 ,Company - Private,Computer Hardware & Software,$25 to $50 million 
Senior Data Scientist,$128K-$201K,3.9,Thumbtack,"San Francisco, CA",501 - 1000 ,Company - Private,Internet,Unknown 
Senior Data Analyst - Finance & Platform Analytics,$128K-$201K,3.6,Twitch,"San Francisco, CA",1001 - 5000 ,Subsidiary or Business Segment,Internet,Unknown 
Software Engineer - Machine Learning & Data Science (Applied Intelligence Services Team),$128K-$201K,4.7,New Relic,"Portland, OR",1001 - 5000 ,Company - Public,Computer Hardware & Software,$100 to $500 million 
IT Partner Digital Health Technology and Data Science,$128K-$201K,3.6,Biogen,"Cambridge, MA",5001 - 10000 ,Company - Public,Biotech & Pharmaceuticals,$10+ billion 
Data Scientist,$128K-$201K,1.0,HireAi,"San Francisco, CA",Not Classified,Not Classified,Not Classified,Not Classified
"Senior Machine Learning Scientist - Bay Area, CA",$128K-$201K,3.3,Tempus Labs,"Redwood City, CA",501 - 1000 ,Company - Private,Biotech & Pharmaceuticals,Unknown 
Data Scientist,$128K-$201K,3.3,ICW Group,"San Diego, CA",501 - 1000 ,Company - Private,Insurance Carriers,$500 million to $1 billion 
Clinical Data Analyst,$128K-$201K,3.8,NYSTEC,"New York, NY",51 - 200 ,Nonprofit Organization,Consulting,$25 to $50 million 
Data Scientist,$128K-$201K,4.5,E3 Federal Solutions,"Chantilly, VA",501 - 1000 ,Company - Private,Consulting,Unknown 
Data Engineer,$128K-$201K,4.5,Kingfisher Systems,"Falls Church, VA",51 - 200 ,Company - Private,Federal Agencies,$25 to $50 million 
Data Scientist Technical Specialist,$128K-$201K,3.4,Peraton,"Chantilly, VA",1001 - 5000 ,Company - Private,Aerospace & Defense,$1 to $2 billion 
Senior Data Scientist,$128K-$201K,3.1,Group O,"Chicago, IL",1001 - 5000 ,Company - Private,Staffing & Outsourcing,$500 million to $1 billion 
Data Science Manager,$128K-$201K,4.0,Autodesk,"San Francisco, CA",5001 - 10000 ,Company - Public,Computer Hardware & Software,$2 to $5 billion 
Computer Vision / Deep Learning Scientist,$128K-$201K,3.3,Tempus Labs,"Chicago, IL",501 - 1000 ,Company - Private,Biotech & Pharmaceuticals,Unknown 
Big Data Engineer,$128K-$201K,4.1,CaptiveAire,"Raleigh, NC",1001 - 5000 ,Company - Private,Industrial Manufacturing,$100 to $500 million 
Data Architect,$128K-$201K,4.2,LSQ,"Orlando, FL",51 - 200 ,Company - Private,Investment Banking & Asset Management,$100 to $500 million 
Machine Learning Engineer,$128K-$201K,3.9,Temboo,"New York, NY",1 - 50 ,Company - Private,IT Services,Unknown 
Data Scientist,$128K-$201K,1.0,Kibo,"Philadelphia, PA",,Company - Public,Not Classified,Unknown 
Aviation AI/ML Data Scientist,$128K-$201K,3.3,MITRE,"McLean, VA",5001 - 10000 ,Nonprofit Organization,Federal Agencies,$1 to $2 billion 
Data Scientist,$138K-$158K,3.9,Mars,United States,10000+ ,Company - Private,Food & Beverage Manufacturing,$10+ billion 
Data Scientist / Applied Mathematician,$138K-$158K,4.5,Fullpower Technologies,"Santa Cruz, CA",51 - 200 ,Company - Private,Computer Hardware & Software,$10 to $25 million 
"Machine Learning Engineer, Sr.",$138K-$158K,4.2,AeroVironment,"Simi Valley, CA",501 - 1000 ,Company - Public,Aerospace & Defense,$100 to $500 million 
Data Scientist (TS/SCI w/ Poly),$138K-$158K,3.5,Maxar Technologies,"Herndon, VA",5001 - 10000 ,Company - Public,Aerospace & Defense,$2 to $5 billion 
Weapons and Sensors Engineer/Scientist,$138K-$158K,4.0,Dynetics,"Huntsville, AL",1001 - 5000 ,Company - Private,Aerospace & Defense,$100 to $500 million 
Applied Computer Scientist,$138K-$158K,4.5,Systems ,"Woburn, MA",201 - 500 ,Company - Private,Aerospace & Defense,$100 to $500 million 
Senior Data Analyst,$138K-$158K,4.5,Novetta,"Herndon, VA",501 - 1000 ,Company - Private,Enterprise Software & Network Solutions,$100 to $500 million 
Information Systems Engineering Specialist (Engineering Scientist),$138K-$158K,3.8,Applied Research Laboratories,"Austin, TX",501 - 1000 ,College / University,Colleges & Universities,Unknown 
Cloud Data Engineer (Azure),$138K-$158K,3.9,Navy Federal Credit Union,"Merrifield, VA",10000+ ,Other Organization,Banks & Credit Unions,Unknown 
Scientist/Research Associate-Metabolic Engineering,$138K-$158K,2.0,Conagen,"New Bedford, MA",51 - 200 ,Company - Private,Biotech & Pharmaceuticals,Unknown 
"Vice President, Biometrics and Clinical Data Management",$138K-$158K,4.8,Alector,"South San Francisco, CA",51 - 200 ,Company - Public,Biotech & Pharmaceuticals,Unknown 
Enterprise Data Analyst (Enterprise Portfolio Management Office),$138K-$158K,3.9,Navy Federal Credit Union,"Merrifield, VA",10000+ ,Other Organization,Banks & Credit Unions,Unknown 
Senior Scientist - Toxicologist - Product Integrity (Stewardship),$138K-$158K,3.3,Reynolds American,"Winston-Salem, NC",5001 - 10000 ,Company - Private,Consumer Products Manufacturing,$10+ billion 
Lead Data Scientist – Network Analysis and Control,$138K-$158K,3.3,MITRE,"Bedford, MA",5001 - 10000 ,Nonprofit Organization,Federal Agencies,$1 to $2 billion 
Senior Machine Learning Engineer,$138K-$158K,5.0,LifeOmic,"Raleigh, NC",51 - 200 ,Company - Private,Enterprise Software & Network Solutions,Unknown 
"Sr. Research Associate/ Scientist, NGS prep & Molecular Genomics",$138K-$158K,4.4,Homology Medicines,"New Bedford, MA",51 - 200 ,Company - Public,Not Classified,Unknown 
Data Engineer,$138K-$158K,3.4,Spectrum Communications and Consulting,"Chicago, IL",51 - 200 ,Company - Private,Advertising & Marketing,$10 to $25 million 
Developer III - Data Science,$138K-$158K,3.3,Inland Empire Health Plan,"Rancho Cucamonga, CA",1001 - 5000 ,Company - Public,Health Care Services & Hospitals,$1 to $2 billion 
Senior Data Engineer,$138K-$158K,2.9,Affinity Solutions,"New York, NY",51 - 200 ,Company - Private,Advertising & Marketing,Unknown 
Hydrogen/Tritium Materials Scientist (Experienced),$138K-$158K,3.8,Sandia National Laboratories,"Livermore, CA",10000+ ,Government,Federal Agencies,$2 to $5 billion 
Data Engineer,$138K-$158K,3.5,Maxar Technologies,"McLean, VA",5001 - 10000 ,Company - Public,Aerospace & Defense,$2 to $5 billion 
Patient Safety- Associate Data Scientist,$80K-$132K,4.0,AstraZeneca,"Gaithersburg, MD",10000+ ,Company - Public,Biotech & Pharmaceuticals,$10+ billion 
Senior Data Scientist,$80K-$132K,4.0,Autodesk,"San Francisco, CA",5001 - 10000 ,Company - Public,Computer Hardware & Software,$2 to $5 billion 
Data Scientist,$80K-$132K,3.4,USI,"Southfield, MI",1001 - 5000 ,Company - Private,Construction,$100 to $500 million 
Data Scientist,$80K-$132K,3.9,GSK,"Collegeville, PA",10000+ ,Company - Public,Biotech & Pharmaceuticals,$10+ billion 
Data Scientist,$80K-$132K,3.8,CIA,"Washington, DC",,Government,Federal Agencies,Unknown 
Data Scientist,$80K-$132K,4.5,Maven Wave Partners,"Chicago, IL",201 - 500 ,Company - Private,Consulting,$50 to $100 million 
Data Scientist,$80K-$132K,4.3,Ovative Group,"Minneapolis, MN",51 - 200 ,Company - Private,Advertising & Marketing,$10 to $25 million 
Data Scientist,$80K-$132K,3.6,Kognetics,"Gahanna, OH",1 - 50 ,Company - Private,Not Classified,Unknown 
Data Scientist,$80K-$132K,2.9,Envision Healthcare,"Nashville, TN",10000+ ,Company - Private,Health Care Services & Hospitals,Unknown 
Data Scientist,$80K-$132K,2.9,Pragmatics,United States,201 - 500 ,Company - Private,IT Services,$100 to $500 million 
Data Scientist,$80K-$132K,3.2,ConsumerTrack,California,51 - 200 ,Company - Private,Internet,$25 to $50 million 
Decision Scientist,$80K-$132K,4.5,Johns Hopkins University Applied Physics Laboratory,"Laurel, MD",5001 - 10000 ,Nonprofit Organization,Aerospace & Defense,$1 to $2 billion 
Data Scientist - TS/SCI FSP or CI Required,$80K-$132K,5.0,Phoenix Operations Group,"Annapolis Junction, MD",1 - 50 ,Company - Private,IT Services,$1 to $5 million 
Data Scientist,$80K-$132K,3.5,Crossover Health,"San Clemente, CA",1 - 50 ,Company - Private,Health Care Services & Hospitals,$1 to $5 million 
Data Scientist,$80K-$132K,4.0,Lorven Technologies Inc,"New York, NY",1 - 50 ,Company - Private,Accounting,Less than $1 million 
Data Scientist,$80K-$132K,4.4,Meridian Knowledge Solutions,"Washington, DC",51 - 200 ,Subsidiary or Business Segment,Enterprise Software & Network Solutions,$100 to $500 million 
Data Scientist,$80K-$132K,4.2,UST Global,"Atlanta, GA",10000+ ,Company - Private,IT Services,$1 to $2 billion 
Data Scientist,$80K-$132K,3.2,IMG Systems,"Plano, TX",1 - 50 ,Company - Private,Consulting,$1 to $5 million 
Data Scientist,$80K-$132K,3.4,Trident Systems Inc,"Fairfax, VA",51 - 200 ,Company - Private,Aerospace & Defense,$25 to $50 million 
Data Scientist,$80K-$132K,4.7,Tygart Technology,"Washington, DC",1 - 50 ,Company - Private,Not Classified,$1 to $5 million 
(Sr.) Data Scientist -,$87K-$141K,3.6,Merrick Bank,Utah,201 - 500 ,Company - Private,Banks & Credit Unions,Unknown 
Senior Data Scientist,$87K-$141K,4.2,ManTech,"Alexandria, VA",5001 - 10000 ,Company - Public,Research & Development,$1 to $2 billion 
Data Scientist,$87K-$141K,1.0,GrainBridge,"Omaha, NE",Not Classified,Not Classified,Not Classified,Not Classified
Data Scientist,$87K-$141K,3.2,First Health Group,"Wellesley, MA",10000+ ,Company - Private,Insurance Carriers,$10+ billion 
Data Scientist,$87K-$141K,1.0,Sprezzatura Management Consulting,"Washington, VA",,Company - Private,Not Classified,Unknown 
Data Scientist,$87K-$141K,2.8,Progress Rail,"Fort Worth, TX",1001 - 5000 ,Subsidiary or Business Segment,Rail,$2 to $5 billion 
Data Scientist,$87K-$141K,4.2,UST Global,"Atlanta, GA",10000+ ,Company - Private,IT Services,$1 to $2 billion 
Data Scientist,$87K-$141K,4.5,Axiologic Solutions,"Alexandria, VA",51 - 200 ,Company - Private,Aerospace & Defense,Unknown 
Data Scientist,$87K-$141K,3.0,Indigo Slate,"Bellevue, WA",51 - 200 ,Company - Private,Consulting,$10 to $25 million 
Data Scientist,$87K-$141K,3.3,Cubic,United States,5001 - 10000 ,Company - Public,Aerospace & Defense,$1 to $2 billion 
Data Scientist,$87K-$141K,4.0,Advanced Bio-Logic Solutions Corp,"Thousand Oaks, CA",1 - 50 ,Company - Private,Not Classified,Less than $1 million 
Data Engineer,$87K-$141K,3.5,Alignment Healthcare,"Orange, CA",501 - 1000 ,Company - Private,Health Care Services & Hospitals,Unknown 
Data Scientist,$87K-$141K,3.5,WGSN,"Baltimore, MD",1 - 50 ,Company - Private,Consulting,$50 to $100 million 
Data Scientist,$87K-$141K,3.6,ISYS Technologies,"Herndon, VA",51 - 200 ,Company - Private,Computer Hardware & Software,$10 to $25 million 
Data Scientist,$87K-$141K,3.0,TransVoyant,"Alexandria, VA",51 - 200 ,Company - Private,Enterprise Software & Network Solutions,Unknown 
Data Scientist/Data Analytics Practitioner,$87K-$141K,4.0,Noblis,"Bridgeport, WV",1001 - 5000 ,Nonprofit Organization,Consulting,$100 to $500 million 
Data Scientist,$87K-$141K,4.6,Murray Resources,"The Woodlands, TX",1 - 50 ,Company - Private,Staffing & Outsourcing,$10 to $25 million 
Data Scientist,$87K-$141K,4.3,Geotab,"Oakville, CA",1001 - 5000 ,Company - Private,Computer Hardware & Software,$100 to $500 million 
Data Scientist,$87K-$141K,4.7,CRS Group,"Chicago, IL",51 - 200 ,Company - Private,Staffing & Outsourcing,$10 to $25 million 
Data Scientist,$87K-$141K,3.7,EGlobalTech,"Arlington, VA",201 - 500 ,Company - Private,IT Services,Unknown 
"Data Scientist, Kinship - NYC/Portland",$92K-$155K,3.9,Mars,"New York, NY",10000+ ,Company - Private,Food & Beverage Manufacturing,$10+ billion 
Data Scientist,$92K-$155K,4.9,Avlino,New Jersey,1 - 50 ,Company - Private,Enterprise Software & Network Solutions,Less than $1 million 
Data Scientist,$92K-$155K,3.0,Central Business Solutions,"Seattle, WA",51 - 200 ,Company - Private,Consulting,$5 to $10 million 
Data Scientist,$92K-$155K,2.5,KeHE Distributors,"Naperville, IL",5001 - 10000 ,Company - Private,Wholesale,Unknown 
Data Scientist,$92K-$155K,3.5,Blackstone Talent Group,"San Francisco, CA",51 - 200 ,Company - Private,Consulting,$25 to $50 million 
Data Scientist - TS/SCI Required,$92K-$155K,5.0,Phoenix Operations Group,"Baltimore, MD",1 - 50 ,Company - Private,IT Services,$1 to $5 million 
Data Scientist,$92K-$155K,1.0,Sophinea,"Chantilly, VA",1 - 50 ,Unknown,Not Classified,Unknown 
Senior Data Scientist,$92K-$155K,3.5,Maxar Technologies,"Herndon, VA",5001 - 10000 ,Company - Public,Aerospace & Defense,$2 to $5 billion 
Data Scientist,$92K-$155K,3.0,Moxie Software,"Bellevue, WA",51 - 200 ,Company - Private,Enterprise Software & Network Solutions,Unknown 
Data Scientist(s)/Machine Learning Engineer,$92K-$155K,5.0,Blue Horizon Tek Solutions,"New York, NY",1 - 50 ,Company - Private,Staffing & Outsourcing,Unknown 
Data Scientist,$92K-$155K,4.7,Unicom Technologies INC,"Chicago, IL",51 - 200 ,Company - Private,IT Services,Unknown 
Data Engineer,$92K-$155K,3.3,Americo Life,"Kansas City, MO",201 - 500 ,Company - Private,Insurance Carriers,$100 to $500 million 
Data Scientist,$92K-$155K,3.3,Tokio Marine HCC,"Houston, TX",1001 - 5000 ,Company - Private,Insurance Carriers,Unknown 
Data Scientist,$92K-$155K,3.5,CACI International,"Chantilly, VA",10000+ ,Company - Public,Aerospace & Defense,$2 to $5 billion 
"AI/ML - Machine Learning Scientist, Siri Understanding",$92K-$155K,4.1,Apple,"Santa Clara, CA",10000+ ,Company - Public,Computer Hardware & Software,$10+ billion 
Data Scientist,$92K-$155K,3.5,Maxar Technologies,"Herndon, VA",5001 - 10000 ,Company - Public,Aerospace & Defense,$2 to $5 billion 
ENGINEER - COMPUTER SCIENTIST - RESEARCH COMPUTER SCIENTIST - SIGNAL PROCESSING - SAN ANTONIO OR,$92K-$155K,3.9,Southwest Research Institute,"Oklahoma City, OK",1001 - 5000 ,Nonprofit Organization,Research & Development,$500 million to $1 billion 
Data Scientist,$92K-$155K,4.7,Compass Consulting Group,"Thousand Oaks, CA",51 - 200 ,Company - Private,Consulting,Unknown 
Data Science Software Engineer,$92K-$155K,4.8,Klaviyo,"Boston, MA",201 - 500 ,Company - Private,Computer Hardware & Software,Unknown 
"Scientist / Group Lead, Cancer Biology",$92K-$155K,1.0,Monte Rosa Therapeutics,"Cambridge, MA",Not Classified,Not Classified,Not Classified,Not Classified
AI Ops Data Scientist,$92K-$155K,4.0,AstraZeneca,"Gaithersburg, MD",10000+ ,Company - Public,Biotech & Pharmaceuticals,$10+ billion 
Senior Data Scientist,$105K-$167K,3.8,GutCheck,"Denver, CO",51 - 200 ,Company - Private,Advertising & Marketing,$10 to $25 million 
Sr. ML/Data Scientist - AI/NLP/Chatbot,$105K-$167K,3.8,Juniper Networks,"Cupertino, CA",5001 - 10000 ,Company - Public,Telecommunications Services,$2 to $5 billion 
Data Scientist,$105K-$167K,2.7,Hexagon US Federal,"Lexington Park, MD",51 - 200 ,Company - Public,Aerospace & Defense,Unknown 
Data Scientist,$105K-$167K,4.0,Comtech Global Inc,"Washington, DC",51 - 200 ,Company - Private,"Health, Beauty, & Fitness",$5 to $10 million 
Data Scientist,$105K-$167K,1.0,Berico Technologies,"Fort Belvoir, VA",Not Classified,Not Classified,Not Classified,Not Classified
Data Scientist,$105K-$167K,1.0,Kehe Food Distributors,"Naperville, IL",Not Classified,Not Classified,Not Classified,Not Classified
Data Scientist,$105K-$167K,3.8,Aveshka,"Washington, DC",51 - 200 ,Company - Public,IT Services,$10 to $25 million 
Data Scientist,$105K-$167K,3.2,Perspecta,"Adelphi, MD",10000+ ,Company - Public,Aerospace & Defense,Unknown 
Data Scientist,$105K-$167K,1.0,Pactera Edge,"Redmond, WA",Not Classified,Not Classified,Not Classified,Not Classified
Data Scientist,$105K-$167K,3.6,Qurate Retail Group,"West Chester, PA",10000+ ,Company - Public,Other Retail Stores,Unknown 
Data Scientist,$105K-$167K,4.4,SolutionIT,"Edison, NJ",51 - 200 ,Company - Private,Not Classified,Unknown 
Data Scientist,$105K-$167K,4.1,A-Line Staffing Solutions,"Durham, NC",501 - 1000 ,Company - Private,Staffing & Outsourcing,Unknown 
Data Scientist,$105K-$167K,1.0,Clear Ridge Defense,"Quantico, VA",1 - 50 ,Company - Private,Not Classified,Unknown 
Data Scientist,$105K-$167K,3.8,Criterion Systems,"Vienna, VA",201 - 500 ,Company - Private,IT Services,$50 to $100 million 
Data Scientist,$105K-$167K,4.0,Foundation Medicine,"Boston, MA",1001 - 5000 ,Company - Public,Biotech & Pharmaceuticals,$100 to $500 million 
Data Scientist,$105K-$167K,3.6,TRANZACT,"Fort Lee, NJ",1001 - 5000 ,Company - Private,Advertising & Marketing,Unknown 
Data Scientist,$105K-$167K,1.0,JKGT,"San Francisco, CA",Not Classified,Not Classified,Not Classified,Not Classified
Data Scientist,$105K-$167K,1.0,AccessHope,"Irwindale, CA",Not Classified,Not Classified,Not Classified,Not Classified
Data Scientist,$105K-$167K,5.0,ChaTeck Incorporated,"San Francisco, CA",1 - 50 ,Company - Private,Advertising & Marketing,$1 to $5 million 
Data Scientist,$105K-$167K,2.7,1-800-Flowers,"New York, NY",1001 - 5000 ,Company - Public,Wholesale,$1 to $2 billion 
